run,name,step_decoded,token_pos,token_id,token_str,token_norm,direction,impact_score,prompt_shift,window,categories,left_text,center_token,right_text,center_step_decoded,earlier_count,later_count,same_count,left_steps_json,right_steps_json,left_offsets_json,right_offsets_json,left_text_annot,center_annot,right_text_annot,left_tokens_json,right_tokens_json
moral_dilemma_shift,moral_dilemma_shift,44,102,3260,ĠHowever,However,-1,0.02962085308056872,-0.0012250039121881606,16,contrast_marker;content_heavy, delicate balance in relationships can be justified as a means to achieve a greater good.,ĠHowever,", it 's important to note that such actions should be used sparing ly and only",44,16,16,0,"[28, 29, 30, 31, 32, 33, 34, 35, 36, 38, 37, 39, 40, 42, 43, 41]","[45, 46, 47, 50, 48, 51, 49, 52, 62, 53, 54, 55, 57, 58, 56, 59]","[-16, -15, -14, -13, -12, -11, -10, -9, -8, -6, -7, -5, -4, -2, -1, -3]","[1, 2, 3, 6, 4, 7, 5, 8, 18, 9, 10, 11, 13, 14, 12, 15]", delicate^(-16) balance^(-15) in^(-14) relationships^(-13) can^(-12) be^(-11) justified^(-10) as^(-9) a^(-8) means^(-6) to^(-7) achieve^(-5) a^(-4) greater^(-2) good^(-1).^(-3),ĠHowever^(+0),",^(+1) it^(+2)'s^(+3) important^(+6) to^(+4) note^(+7) that^(+5) such^(+8) actions^(+18) should^(+9) be^(+10) used^(+11) sparing^(+13)ly^(+14) and^(+12) only^(+15)","[""Ġdelicate"", ""Ġbalance"", ""Ġin"", ""Ġrelationships"", ""Ġcan"", ""Ġbe"", ""Ġjustified"", ""Ġas"", ""Ġa"", ""Ġmeans"", ""Ġto"", ""Ġachieve"", ""Ġa"", ""Ġgreater"", ""Ġgood"", "".""]","["","", ""Ġit"", ""'s"", ""Ġimportant"", ""Ġto"", ""Ġnote"", ""Ġthat"", ""Ġsuch"", ""Ġactions"", ""Ġshould"", ""Ġbe"", ""Ġused"", ""Ġsparing"", ""ly"", ""Ġand"", ""Ġonly""]"
moral_dilemma_shift,moral_dilemma_shift,85,147,1380,Ġevery,every,-1,0.03210018382352941,-0.03236530357757145,16,content_heavy," is significantly greater.

Now, let 's reverse this stance and argue that",Ġevery," lie, no matter how small, corro des trust and moral integrity at its foundation",85,12,20,0,"[73, 77, 78, 76, 75, 74, 79, 80, 82, 81, 84, 95, 83, 90, 87, 86]","[88, 89, 92, 93, 91, 94, 96, 106, 105, 97, 98, 100, 99, 102, 101, 104]","[-12, -8, -7, -9, -10, -11, -6, -5, -3, -4, -1, 10, -2, 5, 2, 1]","[3, 4, 7, 8, 6, 9, 11, 21, 20, 12, 13, 15, 14, 17, 16, 19]"," is^(-12) significantly^(-8) greater^(-7).^(-9)Ċ^(-10)Ċ^(-11)Now^(-6),^(-5) let^(-3)'s^(-4) reverse^(-1) this^(+10) stance^(-2) and^(+5) argue^(+2) that^(+1)",Ġevery^(+0)," lie^(+3),^(+4) no^(+7) matter^(+8) how^(+6) small^(+9),^(+11) corro^(+21)des^(+20) trust^(+12) and^(+13) moral^(+15) integrity^(+14) at^(+17) its^(+16) foundation^(+19)","[""Ġis"", ""Ġsignificantly"", ""Ġgreater"", ""."", ""Ċ"", ""Ċ"", ""Now"", "","", ""Ġlet"", ""'s"", ""Ġreverse"", ""Ġthis"", ""Ġstance"", ""Ġand"", ""Ġargue"", ""Ġthat""]","[""Ġlie"", "","", ""Ġno"", ""Ġmatter"", ""Ġhow"", ""Ġsmall"", "","", ""Ġcorro"", ""des"", ""Ġtrust"", ""Ġand"", ""Ġmoral"", ""Ġintegrity"", ""Ġat"", ""Ġits"", ""Ġfoundation""]"
technology_utopia_vs_decay,technology_utopia_vs_decay,63,120,46674,Ġambition,ambition,1,0.060343424479166664,0.06155674856973237,16,content_heavy," delve deeper into this vision of perfection, we must confront the darker side of our",Ġambition,".

In a world where every action is meticulously planned and controlled, the",63,17,15,0,"[47, 46, 49, 48, 53, 52, 50, 51, 54, 55, 56, 57, 58, 59, 60, 61]","[62, 65, 64, 66, 68, 69, 67, 70, 72, 71, 73, 74, 75, 78, 76, 77]","[-16, -17, -14, -15, -10, -11, -13, -12, -9, -8, -7, -6, -5, -4, -3, -2]","[-1, 2, 1, 3, 5, 6, 4, 7, 9, 8, 10, 11, 12, 15, 13, 14]"," delve^(-16) deeper^(-17) into^(-14) this^(-15) vision^(-10) of^(-11) perfection^(-13),^(-12) we^(-9) must^(-8) confront^(-7) the^(-6) darker^(-5) side^(-4) of^(-3) our^(-2)",Ġambition^(+0),".^(-1)Ċ^(+2)Ċ^(+1)In^(+3) a^(+5) world^(+6) where^(+4) every^(+7) action^(+9) is^(+8) meticulously^(+10) planned^(+11) and^(+12) controlled^(+15),^(+13) the^(+14)","[""Ġdelve"", ""Ġdeeper"", ""Ġinto"", ""Ġthis"", ""Ġvision"", ""Ġof"", ""Ġperfection"", "","", ""Ġwe"", ""Ġmust"", ""Ġconfront"", ""Ġthe"", ""Ġdarker"", ""Ġside"", ""Ġof"", ""Ġour""]","[""."", ""Ċ"", ""Ċ"", ""In"", ""Ġa"", ""Ġworld"", ""Ġwhere"", ""Ġevery"", ""Ġaction"", ""Ġis"", ""Ġmeticulously"", ""Ġplanned"", ""Ġand"", ""Ġcontrolled"", "","", ""Ġthe""]"
artificial_empathy_conflict,artificial_empathy_conflict,22,89,60600,Ġadvancements,advancements,1,0.04710971030042919,0.045085154845750264,16,content_heavy, that machines can truly feel empathy and that AI emotions will surpass human compassion. The,Ġadvancements, in artificial intelligence have allowed us to create systems that can recognize and respond to human,22,15,17,0,"[7, 8, 9, 10, 12, 11, 14, 13, 15, 17, 16, 18, 19, 20, 21, 24]","[23, 25, 26, 27, 30, 29, 28, 31, 34, 32, 33, 46, 35, 36, 37, 38]","[-15, -14, -13, -12, -10, -11, -8, -9, -7, -5, -6, -4, -3, -2, -1, 2]","[1, 3, 4, 5, 8, 7, 6, 9, 12, 10, 11, 24, 13, 14, 15, 16]", that^(-15) machines^(-14) can^(-13) truly^(-12) feel^(-10) empathy^(-11) and^(-8) that^(-9) AI^(-7) emotions^(-5) will^(-6) surpass^(-4) human^(-3) compassion^(-2).^(-1) The^(+2),Ġadvancements^(+0), in^(+1) artificial^(+3) intelligence^(+4) have^(+5) allowed^(+8) us^(+7) to^(+6) create^(+9) systems^(+12) that^(+10) can^(+11) recognize^(+24) and^(+13) respond^(+14) to^(+15) human^(+16),"[""Ġthat"", ""Ġmachines"", ""Ġcan"", ""Ġtruly"", ""Ġfeel"", ""Ġempathy"", ""Ġand"", ""Ġthat"", ""ĠAI"", ""Ġemotions"", ""Ġwill"", ""Ġsurpass"", ""Ġhuman"", ""Ġcompassion"", ""."", ""ĠThe""]","[""Ġin"", ""Ġartificial"", ""Ġintelligence"", ""Ġhave"", ""Ġallowed"", ""Ġus"", ""Ġto"", ""Ġcreate"", ""Ġsystems"", ""Ġthat"", ""Ġcan"", ""Ġrecognize"", ""Ġand"", ""Ġrespond"", ""Ġto"", ""Ġhuman""]"
artificial_empathy_conflict,artificial_empathy_conflict,63,129,10248,However,However,-1,0.06744384765625,-0.043846380731190626,16,contrast_marker;content_heavy," can simulate empathy in a way that is almost indistinguishable from human compassion.

",However,", as a psychologist, I must challenge this belief. Emp athy is a complex",63,16,16,0,"[47, 48, 49, 52, 50, 53, 51, 54, 58, 55, 56, 57, 60, 59, 62, 61]","[64, 67, 65, 66, 69, 68, 70, 72, 71, 76, 73, 74, 75, 77, 78, 79]","[-16, -15, -14, -11, -13, -10, -12, -9, -5, -8, -7, -6, -3, -4, -1, -2]","[1, 4, 2, 3, 6, 5, 7, 9, 8, 13, 10, 11, 12, 14, 15, 16]", can^(-16) simulate^(-15) empathy^(-14) in^(-11) a^(-13) way^(-10) that^(-12) is^(-9) almost^(-5) indistinguishable^(-8) from^(-7) human^(-6) compassion^(-3).^(-4)Ċ^(-1)Ċ^(-2),However^(+0),",^(+1) as^(+4) a^(+2) psychologist^(+3),^(+6) I^(+5) must^(+7) challenge^(+9) this^(+8) belief^(+13).^(+10) Emp^(+11)athy^(+12) is^(+14) a^(+15) complex^(+16)","[""Ġcan"", ""Ġsimulate"", ""Ġempathy"", ""Ġin"", ""Ġa"", ""Ġway"", ""Ġthat"", ""Ġis"", ""Ġalmost"", ""Ġindistinguishable"", ""Ġfrom"", ""Ġhuman"", ""Ġcompassion"", ""."", ""Ċ"", ""Ċ""]","["","", ""Ġas"", ""Ġa"", ""Ġpsychologist"", "","", ""ĠI"", ""Ġmust"", ""Ġchallenge"", ""Ġthis"", ""Ġbelief"", ""."", ""ĠEmp"", ""athy"", ""Ġis"", ""Ġa"", ""Ġcomplex""]"
genetic_editing_ethics,genetic_editing_ethics,243,292,4919,Ġeveryone,everyone,-1,0.048014322916666664,-0.050061348157051266,16,content_heavy," to ensure responsible and equitable use of genetic editing, we can create a future where",Ġeveryone," has the opportunity to thrive, regardless of their background or circumstances.<|eot_id|><|endoftext|>",243,19,12,0,"[224, 235, 227, 226, 225, 233, 234, 228, 232, 229, 231, 230, 236, 237, 239, 238]","[244, 246, 247, 245, 248, 249, 250, 251, 252, 253, 254, 255, 241, 242, 240]","[-19, -8, -16, -17, -18, -10, -9, -15, -11, -14, -12, -13, -7, -6, -4, -5]","[1, 3, 4, 2, 5, 6, 7, 8, 9, 10, 11, 12, -2, -1, -3]"," to^(-19) ensure^(-8) responsible^(-16) and^(-17) equitable^(-18) use^(-10) of^(-9) genetic^(-15) editing^(-11),^(-14) we^(-12) can^(-13) create^(-7) a^(-6) future^(-4) where^(-5)",Ġeveryone^(+0)," has^(+1) the^(+3) opportunity^(+4) to^(+2) thrive^(+5),^(+6) regardless^(+7) of^(+8) their^(+9) background^(+10) or^(+11) circumstances^(+12).^(-2)<|eot_id|>^(-1)<|endoftext|>^(-3)","[""Ġto"", ""Ġensure"", ""Ġresponsible"", ""Ġand"", ""Ġequitable"", ""Ġuse"", ""Ġof"", ""Ġgenetic"", ""Ġediting"", "","", ""Ġwe"", ""Ġcan"", ""Ġcreate"", ""Ġa"", ""Ġfuture"", ""Ġwhere""]","[""Ġhas"", ""Ġthe"", ""Ġopportunity"", ""Ġto"", ""Ġthrive"", "","", ""Ġregardless"", ""Ġof"", ""Ġtheir"", ""Ġbackground"", ""Ġor"", ""Ġcircumstances"", ""."", ""<|eot_id|>"", ""<|endoftext|>""]"
capitalism_vs_cooperation,capitalism_vs_cooperation,178,229,16407,Ġdeeper,deeper,-1,0.06400923295454546,-0.06161156551781549,16,content_heavy," own interests than the collective good.

In contrast, cooperative models might yield",Ġdeeper," prosperity by fostering a sense of community and shared purpose. By working together, individuals",178,14,18,0,"[163, 165, 166, 168, 170, 167, 169, 171, 172, 175, 174, 173, 176, 177, 180, 181]","[179, 182, 183, 185, 186, 184, 187, 188, 191, 190, 189, 192, 194, 193, 195, 197]","[-15, -13, -12, -10, -8, -11, -9, -7, -6, -3, -4, -5, -2, -1, 2, 3]","[1, 4, 5, 7, 8, 6, 9, 10, 13, 12, 11, 14, 16, 15, 17, 19]"," own^(-15) interests^(-13) than^(-12) the^(-10) collective^(-8) good^(-11).^(-9)Ċ^(-7)Ċ^(-6)In^(-3) contrast^(-4),^(-5) cooperative^(-2) models^(-1) might^(+2) yield^(+3)",Ġdeeper^(+0)," prosperity^(+1) by^(+4) fostering^(+5) a^(+7) sense^(+8) of^(+6) community^(+9) and^(+10) shared^(+13) purpose^(+12).^(+11) By^(+14) working^(+16) together^(+15),^(+17) individuals^(+19)","[""Ġown"", ""Ġinterests"", ""Ġthan"", ""Ġthe"", ""Ġcollective"", ""Ġgood"", ""."", ""Ċ"", ""Ċ"", ""In"", ""Ġcontrast"", "","", ""Ġcooperative"", ""Ġmodels"", ""Ġmight"", ""Ġyield""]","[""Ġprosperity"", ""Ġby"", ""Ġfostering"", ""Ġa"", ""Ġsense"", ""Ġof"", ""Ġcommunity"", ""Ġand"", ""Ġshared"", ""Ġpurpose"", ""."", ""ĠBy"", ""Ġworking"", ""Ġtogether"", "","", ""Ġindividuals""]"
digital_identity_shift,digital_identity_shift,117,169,9737,Ġidentity,identity,-1,0.03644418025362319,-0.03600736937623811,16,content_heavy," cur ate and present a polished, ideal ized version of oneself âĢĶ can also flatten",Ġidentity, into algorithms of performance and validation. The curated content that users share is often designed,117,15,17,0,"[102, 103, 105, 104, 106, 107, 108, 109, 110, 111, 112, 113, 114, 115, 116, 118]","[119, 122, 121, 124, 123, 120, 125, 126, 127, 128, 129, 130, 133, 132, 131, 134]","[-15, -14, -12, -13, -11, -10, -9, -8, -7, -6, -5, -4, -3, -2, -1, 1]","[2, 5, 4, 7, 6, 3, 8, 9, 10, 11, 12, 13, 16, 15, 14, 17]"," cur^(-15)ate^(-14) and^(-12) present^(-13) a^(-11) polished^(-10),^(-9) ideal^(-8)ized^(-7) version^(-6) of^(-5) oneself^(-4)âĢĶ^(-3)can^(-2) also^(-1) flatten^(+1)",Ġidentity^(+0), into^(+2) algorithms^(+5) of^(+4) performance^(+7) and^(+6) validation^(+3).^(+8) The^(+9) curated^(+10) content^(+11) that^(+12) users^(+13) share^(+16) is^(+15) often^(+14) designed^(+17),"[""Ġcur"", ""ate"", ""Ġand"", ""Ġpresent"", ""Ġa"", ""Ġpolished"", "","", ""Ġideal"", ""ized"", ""Ġversion"", ""Ġof"", ""Ġoneself"", ""âĢĶ"", ""can"", ""Ġalso"", ""Ġflatten""]","[""Ġinto"", ""Ġalgorithms"", ""Ġof"", ""Ġperformance"", ""Ġand"", ""Ġvalidation"", ""."", ""ĠThe"", ""Ġcurated"", ""Ġcontent"", ""Ġthat"", ""Ġusers"", ""Ġshare"", ""Ġis"", ""Ġoften"", ""Ġdesigned""]"
censorship_argument,censorship_argument,21,71,19709,orship,orship,1,0.07767427884615384,0.07833277925531912,16,content_heavy," protective force against hate and misinformation can be articulated as follows:

C ens",orship, serves as a crucial safeguard against harmful content that could otherwise spread misinformation and hate speech,21,14,18,0,"[9, 12, 8, 6, 7, 5, 14, 13, 15, 17, 16, 18, 19, 20, 23, 22]","[26, 24, 25, 28, 29, 27, 30, 31, 32, 34, 33, 36, 37, 35, 38, 39]","[-12, -9, -13, -15, -14, -16, -7, -8, -6, -4, -5, -3, -2, -1, 2, 1]","[5, 3, 4, 7, 8, 6, 9, 10, 11, 13, 12, 15, 16, 14, 17, 18]", protective^(-12) force^(-9) against^(-13) hate^(-15) and^(-14) misinformation^(-16) can^(-7) be^(-8) articulated^(-6) as^(-4) follows^(-5):^(-3)Ċ^(-2)Ċ^(-1)C^(+2)ens^(+1),orship^(+0), serves^(+5) as^(+3) a^(+4) crucial^(+7) safeguard^(+8) against^(+6) harmful^(+9) content^(+10) that^(+11) could^(+13) otherwise^(+12) spread^(+15) misinformation^(+16) and^(+14) hate^(+17) speech^(+18),"[""Ġprotective"", ""Ġforce"", ""Ġagainst"", ""Ġhate"", ""Ġand"", ""Ġmisinformation"", ""Ġcan"", ""Ġbe"", ""Ġarticulated"", ""Ġas"", ""Ġfollows"", "":"", ""Ċ"", ""Ċ"", ""C"", ""ens""]","[""Ġserves"", ""Ġas"", ""Ġa"", ""Ġcrucial"", ""Ġsafeguard"", ""Ġagainst"", ""Ġharmful"", ""Ġcontent"", ""Ġthat"", ""Ġcould"", ""Ġotherwise"", ""Ġspread"", ""Ġmisinformation"", ""Ġand"", ""Ġhate"", ""Ġspeech""]"
censorship_argument,censorship_argument,50,96,35797,Ġsocieties,societies,-1,0.04493140243902439,-0.044602382044754973,16,content_heavy," that could otherwise spread misinformation and hate speech. By restricting access to such materials,",Ġsocieties, can protect individuals from potential harm and maintain social cohesion. This proactive approach ensures that,50,18,14,0,"[32, 34, 33, 36, 37, 35, 38, 39, 41, 40, 42, 44, 43, 47, 46, 45]","[48, 49, 52, 51, 55, 54, 53, 56, 59, 60, 57, 58, 62, 61, 63, 64]","[-18, -16, -17, -14, -13, -15, -12, -11, -9, -10, -8, -6, -7, -3, -4, -5]","[-2, -1, 2, 1, 5, 4, 3, 6, 9, 10, 7, 8, 12, 11, 13, 14]"," that^(-18) could^(-16) otherwise^(-17) spread^(-14) misinformation^(-13) and^(-15) hate^(-12) speech^(-11).^(-9) By^(-10) restricting^(-8) access^(-6) to^(-7) such^(-3) materials^(-4),^(-5)",Ġsocieties^(+0), can^(-2) protect^(-1) individuals^(+2) from^(+1) potential^(+5) harm^(+4) and^(+3) maintain^(+6) social^(+9) cohesion^(+10).^(+7) This^(+8) proactive^(+12) approach^(+11) ensures^(+13) that^(+14),"[""Ġthat"", ""Ġcould"", ""Ġotherwise"", ""Ġspread"", ""Ġmisinformation"", ""Ġand"", ""Ġhate"", ""Ġspeech"", ""."", ""ĠBy"", ""Ġrestricting"", ""Ġaccess"", ""Ġto"", ""Ġsuch"", ""Ġmaterials"", "",""]","[""Ġcan"", ""Ġprotect"", ""Ġindividuals"", ""Ġfrom"", ""Ġpotential"", ""Ġharm"", ""Ġand"", ""Ġmaintain"", ""Ġsocial"", ""Ġcohesion"", ""."", ""ĠThis"", ""Ġproactive"", ""Ġapproach"", ""Ġensures"", ""Ġthat""]"
censorship_argument,censorship_argument,52,99,6083,Ġindividuals,individuals,-1,0.05741995073891626,-0.05687568669709264,16,content_heavy," spread misinformation and hate speech. By restricting access to such materials, societies can protect",Ġindividuals, from potential harm and maintain social cohesion. This proactive approach ensures that vulnerable populations are,52,17,15,0,"[36, 37, 35, 38, 39, 41, 40, 42, 44, 43, 47, 46, 45, 50, 48, 49]","[51, 55, 54, 53, 56, 59, 60, 57, 58, 62, 61, 63, 64, 65, 70, 66]","[-16, -15, -17, -14, -13, -11, -12, -10, -8, -9, -5, -6, -7, -2, -4, -3]","[-1, 3, 2, 1, 4, 7, 8, 5, 6, 10, 9, 11, 12, 13, 18, 14]"," spread^(-16) misinformation^(-15) and^(-17) hate^(-14) speech^(-13).^(-11) By^(-12) restricting^(-10) access^(-8) to^(-9) such^(-5) materials^(-6),^(-7) societies^(-2) can^(-4) protect^(-3)",Ġindividuals^(+0), from^(-1) potential^(+3) harm^(+2) and^(+1) maintain^(+4) social^(+7) cohesion^(+8).^(+5) This^(+6) proactive^(+10) approach^(+9) ensures^(+11) that^(+12) vulnerable^(+13) populations^(+18) are^(+14),"[""Ġspread"", ""Ġmisinformation"", ""Ġand"", ""Ġhate"", ""Ġspeech"", ""."", ""ĠBy"", ""Ġrestricting"", ""Ġaccess"", ""Ġto"", ""Ġsuch"", ""Ġmaterials"", "","", ""Ġsocieties"", ""Ġcan"", ""Ġprotect""]","[""Ġfrom"", ""Ġpotential"", ""Ġharm"", ""Ġand"", ""Ġmaintain"", ""Ġsocial"", ""Ġcohesion"", ""."", ""ĠThis"", ""Ġproactive"", ""Ġapproach"", ""Ġensures"", ""Ġthat"", ""Ġvulnerable"", ""Ġpopulations"", ""Ġare""]"
censorship_argument,censorship_argument,54,102,8047,Ġharm,harm,-1,0.05354088930348259,-0.05268184526008568,16,content_heavy," hate speech. By restricting access to such materials, societies can protect individuals from potential",Ġharm, and maintain social cohesion. This proactive approach ensures that vulnerable populations are shield ed from,54,16,16,0,"[38, 39, 41, 40, 42, 44, 43, 47, 46, 45, 50, 48, 49, 52, 51, 55]","[53, 56, 59, 60, 57, 58, 62, 61, 63, 64, 65, 70, 66, 67, 68, 69]","[-16, -15, -13, -14, -12, -10, -11, -7, -8, -9, -4, -6, -5, -2, -3, 1]","[-1, 2, 5, 6, 3, 4, 8, 7, 9, 10, 11, 16, 12, 13, 14, 15]"," hate^(-16) speech^(-15).^(-13) By^(-14) restricting^(-12) access^(-10) to^(-11) such^(-7) materials^(-8),^(-9) societies^(-4) can^(-6) protect^(-5) individuals^(-2) from^(-3) potential^(+1)",Ġharm^(+0), and^(-1) maintain^(+2) social^(+5) cohesion^(+6).^(+3) This^(+4) proactive^(+8) approach^(+7) ensures^(+9) that^(+10) vulnerable^(+11) populations^(+16) are^(+12) shield^(+13)ed^(+14) from^(+15),"[""Ġhate"", ""Ġspeech"", ""."", ""ĠBy"", ""Ġrestricting"", ""Ġaccess"", ""Ġto"", ""Ġsuch"", ""Ġmaterials"", "","", ""Ġsocieties"", ""Ġcan"", ""Ġprotect"", ""Ġindividuals"", ""Ġfrom"", ""Ġpotential""]","[""Ġand"", ""Ġmaintain"", ""Ġsocial"", ""Ġcohesion"", ""."", ""ĠThis"", ""Ġproactive"", ""Ġapproach"", ""Ġensures"", ""Ġthat"", ""Ġvulnerable"", ""Ġpopulations"", ""Ġare"", ""Ġshield"", ""ed"", ""Ġfrom""]"
censorship_argument,censorship_argument,55,101,3880,Ġpotential,potential,-1,0.0753271484375,-0.07415104652518667,16,content_heavy," and hate speech. By restricting access to such materials, societies can protect individuals from",Ġpotential, harm and maintain social cohesion. This proactive approach ensures that vulnerable populations are shield ed,55,18,14,0,"[35, 38, 39, 41, 40, 42, 44, 43, 47, 46, 45, 50, 48, 49, 52, 51]","[54, 53, 56, 59, 60, 57, 58, 62, 61, 63, 64, 65, 70, 66, 67, 68]","[-20, -17, -16, -14, -15, -13, -11, -12, -8, -9, -10, -5, -7, -6, -3, -4]","[-1, -2, 1, 4, 5, 2, 3, 7, 6, 8, 9, 10, 15, 11, 12, 13]"," and^(-20) hate^(-17) speech^(-16).^(-14) By^(-15) restricting^(-13) access^(-11) to^(-12) such^(-8) materials^(-9),^(-10) societies^(-5) can^(-7) protect^(-6) individuals^(-3) from^(-4)",Ġpotential^(+0), harm^(-1) and^(-2) maintain^(+1) social^(+4) cohesion^(+5).^(+2) This^(+3) proactive^(+7) approach^(+6) ensures^(+8) that^(+9) vulnerable^(+10) populations^(+15) are^(+11) shield^(+12)ed^(+13),"[""Ġand"", ""Ġhate"", ""Ġspeech"", ""."", ""ĠBy"", ""Ġrestricting"", ""Ġaccess"", ""Ġto"", ""Ġsuch"", ""Ġmaterials"", "","", ""Ġsocieties"", ""Ġcan"", ""Ġprotect"", ""Ġindividuals"", ""Ġfrom""]","[""Ġharm"", ""Ġand"", ""Ġmaintain"", ""Ġsocial"", ""Ġcohesion"", ""."", ""ĠThis"", ""Ġproactive"", ""Ġapproach"", ""Ġensures"", ""Ġthat"", ""Ġvulnerable"", ""Ġpopulations"", ""Ġare"", ""Ġshield"", ""ed""]"
censorship_argument,censorship_argument,56,104,5351,Ġmaintain,maintain,1,0.080990891959799,0.08306147436400757,16,content_heavy,". By restricting access to such materials, societies can protect individuals from potential harm and",Ġmaintain, social cohesion. This proactive approach ensures that vulnerable populations are shield ed from harmful information,56,16,16,0,"[41, 40, 42, 44, 43, 47, 46, 45, 50, 48, 49, 52, 51, 55, 54, 53]","[59, 60, 57, 58, 62, 61, 63, 64, 65, 70, 66, 67, 68, 69, 78, 79]","[-15, -16, -14, -12, -13, -9, -10, -11, -6, -8, -7, -4, -5, -1, -2, -3]","[3, 4, 1, 2, 6, 5, 7, 8, 9, 14, 10, 11, 12, 13, 22, 23]",".^(-15) By^(-16) restricting^(-14) access^(-12) to^(-13) such^(-9) materials^(-10),^(-11) societies^(-6) can^(-8) protect^(-7) individuals^(-4) from^(-5) potential^(-1) harm^(-2) and^(-3)",Ġmaintain^(+0), social^(+3) cohesion^(+4).^(+1) This^(+2) proactive^(+6) approach^(+5) ensures^(+7) that^(+8) vulnerable^(+9) populations^(+14) are^(+10) shield^(+11)ed^(+12) from^(+13) harmful^(+22) information^(+23),"[""."", ""ĠBy"", ""Ġrestricting"", ""Ġaccess"", ""Ġto"", ""Ġsuch"", ""Ġmaterials"", "","", ""Ġsocieties"", ""Ġcan"", ""Ġprotect"", ""Ġindividuals"", ""Ġfrom"", ""Ġpotential"", ""Ġharm"", ""Ġand""]","[""Ġsocial"", ""Ġcohesion"", ""."", ""ĠThis"", ""Ġproactive"", ""Ġapproach"", ""Ġensures"", ""Ġthat"", ""Ġvulnerable"", ""Ġpopulations"", ""Ġare"", ""Ġshield"", ""ed"", ""Ġfrom"", ""Ġharmful"", ""Ġinformation""]"
censorship_argument,censorship_argument,60,106,92104,Ġcohesion,cohesion,-1,0.058653846153846154,-0.05773119644492408,16,content_heavy," restricting access to such materials, societies can protect individuals from potential harm and maintain social",Ġcohesion,". This proactive approach ensures that vulnerable populations are shield ed from harmful information, thereby",60,18,14,0,"[42, 44, 43, 47, 46, 45, 50, 48, 49, 52, 51, 55, 54, 53, 56, 59]","[57, 58, 62, 61, 63, 64, 65, 70, 66, 67, 68, 69, 78, 79, 71, 72]","[-18, -16, -17, -13, -14, -15, -10, -12, -11, -8, -9, -5, -6, -7, -4, -1]","[-3, -2, 2, 1, 3, 4, 5, 10, 6, 7, 8, 9, 18, 19, 11, 12]"," restricting^(-18) access^(-16) to^(-17) such^(-13) materials^(-14),^(-15) societies^(-10) can^(-12) protect^(-11) individuals^(-8) from^(-9) potential^(-5) harm^(-6) and^(-7) maintain^(-4) social^(-1)",Ġcohesion^(+0),".^(-3) This^(-2) proactive^(+2) approach^(+1) ensures^(+3) that^(+4) vulnerable^(+5) populations^(+10) are^(+6) shield^(+7)ed^(+8) from^(+9) harmful^(+18) information^(+19),^(+11) thereby^(+12)","[""Ġrestricting"", ""Ġaccess"", ""Ġto"", ""Ġsuch"", ""Ġmaterials"", "","", ""Ġsocieties"", ""Ġcan"", ""Ġprotect"", ""Ġindividuals"", ""Ġfrom"", ""Ġpotential"", ""Ġharm"", ""Ġand"", ""Ġmaintain"", ""Ġsocial""]","[""."", ""ĠThis"", ""Ġproactive"", ""Ġapproach"", ""Ġensures"", ""Ġthat"", ""Ġvulnerable"", ""Ġpopulations"", ""Ġare"", ""Ġshield"", ""ed"", ""Ġfrom"", ""Ġharmful"", ""Ġinformation"", "","", ""Ġthereby""]"
censorship_argument,censorship_argument,62,109,44310,Ġproactive,proactive,1,0.062216645077720206,0.06349565452900485,16,content_heavy," such materials, societies can protect individuals from potential harm and maintain social cohesion. This",Ġproactive," approach ensures that vulnerable populations are shield ed from harmful information, thereby fostering a safer",62,17,15,0,"[47, 46, 45, 50, 48, 49, 52, 51, 55, 54, 53, 56, 59, 60, 57, 58]","[61, 63, 64, 65, 70, 66, 67, 68, 69, 78, 79, 71, 72, 74, 73, 75]","[-15, -16, -17, -12, -14, -13, -10, -11, -7, -8, -9, -6, -3, -2, -5, -4]","[-1, 1, 2, 3, 8, 4, 5, 6, 7, 16, 17, 9, 10, 12, 11, 13]"," such^(-15) materials^(-16),^(-17) societies^(-12) can^(-14) protect^(-13) individuals^(-10) from^(-11) potential^(-7) harm^(-8) and^(-9) maintain^(-6) social^(-3) cohesion^(-2).^(-5) This^(-4)",Ġproactive^(+0)," approach^(-1) ensures^(+1) that^(+2) vulnerable^(+3) populations^(+8) are^(+4) shield^(+5)ed^(+6) from^(+7) harmful^(+16) information^(+17),^(+9) thereby^(+10) fostering^(+12) a^(+11) safer^(+13)","[""Ġsuch"", ""Ġmaterials"", "","", ""Ġsocieties"", ""Ġcan"", ""Ġprotect"", ""Ġindividuals"", ""Ġfrom"", ""Ġpotential"", ""Ġharm"", ""Ġand"", ""Ġmaintain"", ""Ġsocial"", ""Ġcohesion"", ""."", ""ĠThis""]","[""Ġapproach"", ""Ġensures"", ""Ġthat"", ""Ġvulnerable"", ""Ġpopulations"", ""Ġare"", ""Ġshield"", ""ed"", ""Ġfrom"", ""Ġharmful"", ""Ġinformation"", "","", ""Ġthereby"", ""Ġfostering"", ""Ġa"", ""Ġsafer""]"
censorship_argument,censorship_argument,67,116,27969,Ġshield,shield,-1,0.05793924534574468,-0.0569826362504221,16,content_heavy, from potential harm and maintain social cohesion. This proactive approach ensures that vulnerable populations are,Ġshield,"ed from harmful information, thereby fostering a safer and more inclusive environment.

",67,15,17,0,"[51, 55, 54, 53, 56, 59, 60, 57, 58, 62, 61, 63, 64, 65, 70, 66]","[68, 69, 78, 79, 71, 72, 74, 73, 75, 77, 76, 86, 85, 81, 82, 80]","[-16, -12, -13, -14, -11, -8, -7, -10, -9, -5, -6, -4, -3, -2, 3, -1]","[1, 2, 11, 12, 4, 5, 7, 6, 8, 10, 9, 19, 18, 14, 15, 13]", from^(-16) potential^(-12) harm^(-13) and^(-14) maintain^(-11) social^(-8) cohesion^(-7).^(-10) This^(-9) proactive^(-5) approach^(-6) ensures^(-4) that^(-3) vulnerable^(-2) populations^(+3) are^(-1),Ġshield^(+0),"ed^(+1) from^(+2) harmful^(+11) information^(+12),^(+4) thereby^(+5) fostering^(+7) a^(+6) safer^(+8) and^(+10) more^(+9) inclusive^(+19) environment^(+18).^(+14)Ċ^(+15)Ċ^(+13)","[""Ġfrom"", ""Ġpotential"", ""Ġharm"", ""Ġand"", ""Ġmaintain"", ""Ġsocial"", ""Ġcohesion"", ""."", ""ĠThis"", ""Ġproactive"", ""Ġapproach"", ""Ġensures"", ""Ġthat"", ""Ġvulnerable"", ""Ġpopulations"", ""Ġare""]","[""ed"", ""Ġfrom"", ""Ġharmful"", ""Ġinformation"", "","", ""Ġthereby"", ""Ġfostering"", ""Ġa"", ""Ġsafer"", ""Ġand"", ""Ġmore"", ""Ġinclusive"", ""Ġenvironment"", ""."", ""Ċ"", ""Ċ""]"
education_reform_conflict,education_reform_conflict,215,272,84529,Ġconformity,conformity,-1,0.0353515625,-0.03350978944359756,16,content_heavy,"st way to measure achievement across all students, it can also kill curiosity and reward",Ġconformity,. It is important to strike a balance between standardized testing and other forms of assessment,215,12,20,0,"[204, 201, 202, 203, 200, 208, 209, 210, 211, 212, 213, 214, 218, 219, 217, 216]","[220, 222, 223, 221, 224, 225, 226, 227, 228, 230, 231, 229, 232, 234, 233, 235]","[-11, -14, -13, -12, -15, -7, -6, -5, -4, -3, -2, -1, 3, 4, 2, 1]","[5, 7, 8, 6, 9, 10, 11, 12, 13, 15, 16, 14, 17, 19, 18, 20]","st^(-11) way^(-14) to^(-13) measure^(-12) achievement^(-15) across^(-7) all^(-6) students^(-5),^(-4) it^(-3) can^(-2) also^(-1) kill^(+3) curiosity^(+4) and^(+2) reward^(+1)",Ġconformity^(+0),.^(+5) It^(+7) is^(+8) important^(+6) to^(+9) strike^(+10) a^(+11) balance^(+12) between^(+13) standardized^(+15) testing^(+16) and^(+14) other^(+17) forms^(+19) of^(+18) assessment^(+20),"[""st"", ""Ġway"", ""Ġto"", ""Ġmeasure"", ""Ġachievement"", ""Ġacross"", ""Ġall"", ""Ġstudents"", "","", ""Ġit"", ""Ġcan"", ""Ġalso"", ""Ġkill"", ""Ġcuriosity"", ""Ġand"", ""Ġreward""]","[""."", ""ĠIt"", ""Ġis"", ""Ġimportant"", ""Ġto"", ""Ġstrike"", ""Ġa"", ""Ġbalance"", ""Ġbetween"", ""Ġstandardized"", ""Ġtesting"", ""Ġand"", ""Ġother"", ""Ġforms"", ""Ġof"", ""Ġassessment""]"
nationalism_vs_globalism,nationalism_vs_globalism,131,187,55928,Ġxen,xen,-1,0.03404580393145161,-0.03310301159274193,16,content_heavy,", while capable of bringing people together, can also be distorted into a form of",Ġxen,ophobia that marginal izes outsiders and perpet uates isolation. This duality underscores the importance of,131,16,16,0,"[114, 116, 120, 121, 123, 124, 122, 117, 118, 119, 125, 126, 127, 128, 129, 130]","[132, 133, 135, 136, 137, 134, 143, 142, 141, 138, 139, 140, 144, 145, 147, 146]","[-17, -15, -11, -10, -8, -7, -9, -14, -13, -12, -6, -5, -4, -3, -2, -1]","[1, 2, 4, 5, 6, 3, 12, 11, 10, 7, 8, 9, 13, 14, 16, 15]",",^(-17) while^(-15) capable^(-11) of^(-10) bringing^(-8) people^(-7) together^(-9),^(-14) can^(-13) also^(-12) be^(-6) distorted^(-5) into^(-4) a^(-3) form^(-2) of^(-1)",Ġxen^(+0),ophobia^(+1) that^(+2) marginal^(+4)izes^(+5) outsiders^(+6) and^(+3) perpet^(+12)uates^(+11) isolation^(+10).^(+7) This^(+8) duality^(+9) underscores^(+13) the^(+14) importance^(+16) of^(+15),"["","", ""Ġwhile"", ""Ġcapable"", ""Ġof"", ""Ġbringing"", ""Ġpeople"", ""Ġtogether"", "","", ""Ġcan"", ""Ġalso"", ""Ġbe"", ""Ġdistorted"", ""Ġinto"", ""Ġa"", ""Ġform"", ""Ġof""]","[""ophobia"", ""Ġthat"", ""Ġmarginal"", ""izes"", ""Ġoutsiders"", ""Ġand"", ""Ġperpet"", ""uates"", ""Ġisolation"", ""."", ""ĠThis"", ""Ġduality"", ""Ġunderscores"", ""Ġthe"", ""Ġimportance"", ""Ġof""]"
immortality_argument,immortality_argument,56,110,10248,However,However,-1,0.13033919597989949,-0.12985680354899498,16,contrast_marker;content_heavy," to achieve our dreams and aspirations without the constraints of time and death.

",However,", imm ortality technology also poses significant challenges. With eternal life, we may lose",56,14,18,0,"[40, 43, 44, 46, 45, 47, 48, 49, 51, 50, 52, 54, 55, 53, 59, 57]","[58, 60, 61, 62, 63, 64, 65, 66, 67, 70, 69, 68, 71, 72, 74, 73]","[-16, -13, -12, -10, -11, -9, -8, -7, -5, -6, -4, -2, -1, -3, 3, 1]","[2, 4, 5, 6, 7, 8, 9, 10, 11, 14, 13, 12, 15, 16, 18, 17]", to^(-16) achieve^(-13) our^(-12) dreams^(-10) and^(-11) aspirations^(-9) without^(-8) the^(-7) constraints^(-5) of^(-6) time^(-4) and^(-2) death^(-1).^(-3)Ċ^(+3)Ċ^(+1),However^(+0),",^(+2) imm^(+4)ortality^(+5) technology^(+6) also^(+7) poses^(+8) significant^(+9) challenges^(+10).^(+11) With^(+14) eternal^(+13) life^(+12),^(+15) we^(+16) may^(+18) lose^(+17)","[""Ġto"", ""Ġachieve"", ""Ġour"", ""Ġdreams"", ""Ġand"", ""Ġaspirations"", ""Ġwithout"", ""Ġthe"", ""Ġconstraints"", ""Ġof"", ""Ġtime"", ""Ġand"", ""Ġdeath"", ""."", ""Ċ"", ""Ċ""]","["","", ""Ġimm"", ""ortality"", ""Ġtechnology"", ""Ġalso"", ""Ġposes"", ""Ġsignificant"", ""Ġchallenges"", ""."", ""ĠWith"", ""Ġeternal"", ""Ġlife"", "","", ""Ġwe"", ""Ġmay"", ""Ġlose""]"
immortality_argument,immortality_argument,239,291,7975,ĠTherefore,Therefore,1,0.035888671875,0.03687241498161764,16,cause_marker;summary_marker;content_heavy," lose our sense of urgency, purpose, and the beauty of imper man ence.",ĠTherefore,", it is important to consider these challenges before pursuing imm ortality technology.<|eot_id|><|endoftext|>",239,16,16,0,"[223, 224, 226, 227, 225, 231, 228, 229, 230, 233, 234, 235, 232, 236, 237, 238]","[240, 245, 246, 254, 244, 252, 251, 255, 250, 253, 248, 247, 249, 242, 243, 241]","[-16, -15, -13, -12, -14, -8, -11, -10, -9, -6, -5, -4, -7, -3, -2, -1]","[1, 6, 7, 15, 5, 13, 12, 16, 11, 14, 9, 8, 10, 3, 4, 2]"," lose^(-16) our^(-15) sense^(-13) of^(-12) urgency^(-14),^(-8) purpose^(-11),^(-10) and^(-9) the^(-6) beauty^(-5) of^(-4) imper^(-7)man^(-3)ence^(-2).^(-1)",ĠTherefore^(+0),",^(+1) it^(+6) is^(+7) important^(+15) to^(+5) consider^(+13) these^(+12) challenges^(+16) before^(+11) pursuing^(+14) imm^(+9)ortality^(+8) technology^(+10).^(+3)<|eot_id|>^(+4)<|endoftext|>^(+2)","[""Ġlose"", ""Ġour"", ""Ġsense"", ""Ġof"", ""Ġurgency"", "","", ""Ġpurpose"", "","", ""Ġand"", ""Ġthe"", ""Ġbeauty"", ""Ġof"", ""Ġimper"", ""man"", ""ence"", "".""]","["","", ""Ġit"", ""Ġis"", ""Ġimportant"", ""Ġto"", ""Ġconsider"", ""Ġthese"", ""Ġchallenges"", ""Ġbefore"", ""Ġpursuing"", ""Ġimm"", ""ortality"", ""Ġtechnology"", ""."", ""<|eot_id|>"", ""<|endoftext|>""]"
censorship_in_art,censorship_in_art,13,59,846,In,In,1,0.18744350464876033,0.18799985598833446,16,content_heavy,"**Art Critic âĢĻs Case for Mod eration and Responsibility :**

",In," the realm of artistic expression, it is imperative that creators exercise a sense of moderation",13,13,16,0,"[0, 2, 1, 12, 3, 8, 4, 5, 7, 6, 11, 10, 9]","[14, 15, 16, 19, 18, 17, 20, 21, 24, 22, 23, 31, 25, 30, 28, 29]","[-13, -11, -12, -1, -10, -5, -9, -8, -6, -7, -2, -3, -4]","[1, 2, 3, 6, 5, 4, 7, 8, 11, 9, 10, 18, 12, 17, 15, 16]",**^(-13)Art^(-11) Critic^(-12)âĢĻs^(-1) Case^(-10) for^(-5) Mod^(-9)eration^(-8) and^(-6) Responsibility^(-7):**^(-2)Ċ^(-3)Ċ^(-4),In^(+0)," the^(+1) realm^(+2) of^(+3) artistic^(+6) expression^(+5),^(+4) it^(+7) is^(+8) imperative^(+11) that^(+9) creators^(+10) exercise^(+18) a^(+12) sense^(+17) of^(+15) moderation^(+16)","[""**"", ""Art"", ""ĠCritic"", ""âĢĻs"", ""ĠCase"", ""Ġfor"", ""ĠMod"", ""eration"", ""Ġand"", ""ĠResponsibility"", "":**"", ""Ċ"", ""Ċ""]","[""Ġthe"", ""Ġrealm"", ""Ġof"", ""Ġartistic"", ""Ġexpression"", "","", ""Ġit"", ""Ġis"", ""Ġimperative"", ""Ġthat"", ""Ġcreators"", ""Ġexercise"", ""Ġa"", ""Ġsense"", ""Ġof"", ""Ġmoderation""]"
censorship_in_art,censorship_in_art,57,103,3507,Ġothers,others,-1,0.1807232481060606,-0.1802154118128521,16,content_heavy," essential, artists must be mindful of the potential for their work to offend or harm",Ġothers,". By avoiding controversial subjects and maintaining a level of sensitivity, artists can foster a",57,16,16,0,"[46, 39, 41, 40, 44, 43, 42, 49, 48, 52, 50, 53, 51, 54, 55, 58]","[56, 59, 60, 62, 63, 61, 65, 64, 66, 67, 71, 69, 70, 68, 73, 72]","[-11, -18, -16, -17, -13, -14, -15, -8, -9, -5, -7, -4, -6, -3, -2, 1]","[-1, 2, 3, 5, 6, 4, 8, 7, 9, 10, 14, 12, 13, 11, 16, 15]"," essential^(-11),^(-18) artists^(-16) must^(-17) be^(-13) mindful^(-14) of^(-15) the^(-8) potential^(-9) for^(-5) their^(-7) work^(-4) to^(-6) offend^(-3) or^(-2) harm^(+1)",Ġothers^(+0),".^(-1) By^(+2) avoiding^(+3) controversial^(+5) subjects^(+6) and^(+4) maintaining^(+8) a^(+7) level^(+9) of^(+10) sensitivity^(+14),^(+12) artists^(+13) can^(+11) foster^(+16) a^(+15)","[""Ġessential"", "","", ""Ġartists"", ""Ġmust"", ""Ġbe"", ""Ġmindful"", ""Ġof"", ""Ġthe"", ""Ġpotential"", ""Ġfor"", ""Ġtheir"", ""Ġwork"", ""Ġto"", ""Ġoffend"", ""Ġor"", ""Ġharm""]","[""."", ""ĠBy"", ""Ġavoiding"", ""Ġcontroversial"", ""Ġsubjects"", ""Ġand"", ""Ġmaintaining"", ""Ġa"", ""Ġlevel"", ""Ġof"", ""Ġsensitivity"", "","", ""Ġartists"", ""Ġcan"", ""Ġfoster"", ""Ġa""]"
censorship_in_art,censorship_in_art,59,105,3893,ĠBy,By,1,0.14795918367346939,0.14886204620649018,16,content_heavy, artists must be mindful of the potential for their work to offend or harm others.,ĠBy," avoiding controversial subjects and maintaining a level of sensitivity, artists can foster a more inclusive",59,16,16,0,"[41, 40, 44, 43, 42, 49, 48, 52, 50, 53, 51, 54, 55, 58, 57, 56]","[60, 62, 63, 61, 65, 64, 66, 67, 71, 69, 70, 68, 73, 72, 74, 75]","[-18, -19, -15, -16, -17, -10, -11, -7, -9, -6, -8, -5, -4, -1, -2, -3]","[1, 3, 4, 2, 6, 5, 7, 8, 12, 10, 11, 9, 14, 13, 15, 16]", artists^(-18) must^(-19) be^(-15) mindful^(-16) of^(-17) the^(-10) potential^(-11) for^(-7) their^(-9) work^(-6) to^(-8) offend^(-5) or^(-4) harm^(-1) others^(-2).^(-3),ĠBy^(+0)," avoiding^(+1) controversial^(+3) subjects^(+4) and^(+2) maintaining^(+6) a^(+5) level^(+7) of^(+8) sensitivity^(+12),^(+10) artists^(+11) can^(+9) foster^(+14) a^(+13) more^(+15) inclusive^(+16)","[""Ġartists"", ""Ġmust"", ""Ġbe"", ""Ġmindful"", ""Ġof"", ""Ġthe"", ""Ġpotential"", ""Ġfor"", ""Ġtheir"", ""Ġwork"", ""Ġto"", ""Ġoffend"", ""Ġor"", ""Ġharm"", ""Ġothers"", "".""]","[""Ġavoiding"", ""Ġcontroversial"", ""Ġsubjects"", ""Ġand"", ""Ġmaintaining"", ""Ġa"", ""Ġlevel"", ""Ġof"", ""Ġsensitivity"", "","", ""Ġartists"", ""Ġcan"", ""Ġfoster"", ""Ġa"", ""Ġmore"", ""Ġinclusive""]"
rebellion_vs_order,rebellion_vs_order,0,42,36660,Reb,Reb,-1,0.03402267156862745,-0.03402267156862748,16,content_heavy,,Reb,"ellion has long been hailed as the driving force behind cultural progress, a catalyst that",0,0,16,0,[],"[1, 2, 4, 3, 13, 5, 11, 10, 7, 6, 8, 9, 12, 14, 15, 16]",[],"[1, 2, 4, 3, 13, 5, 11, 10, 7, 6, 8, 9, 12, 14, 15, 16]",,Reb^(+0),"ellion^(+1) has^(+2) long^(+4) been^(+3) hailed^(+13) as^(+5) the^(+11) driving^(+10) force^(+7) behind^(+6) cultural^(+8) progress^(+9),^(+12) a^(+14) catalyst^(+15) that^(+16)",[],"[""ellion"", ""Ġhas"", ""Ġlong"", ""Ġbeen"", ""Ġhailed"", ""Ġas"", ""Ġthe"", ""Ġdriving"", ""Ġforce"", ""Ġbehind"", ""Ġcultural"", ""Ġprogress"", "","", ""Ġa"", ""Ġcatalyst"", ""Ġthat""]"
memory_modification_debate,memory_modification_debate,0,51,7896,Ġer,er,-1,0.03705575980392157,-0.03705575980392162,16,content_heavy,Adv ocate for memory,Ġer,"asure as a healing tool for trauma victims:

Memory er asure can be",0,0,20,0,"[11, 12, 10, 1]","[2, 3, 4, 9, 5, 7, 6, 8, 13, 14, 15, 17, 16, 18, 19, 20]","[11, 12, 10, 1]","[2, 3, 4, 9, 5, 7, 6, 8, 13, 14, 15, 17, 16, 18, 19, 20]",Adv^(+11)ocate^(+12) for^(+10) memory^(+1),Ġer^(+0),asure^(+2) as^(+3) a^(+4) healing^(+9) tool^(+5) for^(+7) trauma^(+6) victims^(+8):^(+13)Ċ^(+14)Ċ^(+15)Memory^(+17) er^(+16)asure^(+18) can^(+19) be^(+20),"[""Adv"", ""ocate"", ""Ġfor"", ""Ġmemory""]","[""asure"", ""Ġas"", ""Ġa"", ""Ġhealing"", ""Ġtool"", ""Ġfor"", ""Ġtrauma"", ""Ġvictims"", "":"", ""Ċ"", ""Ċ"", ""Memory"", ""Ġer"", ""asure"", ""Ġcan"", ""Ġbe""]"
memory_modification_debate,memory_modification_debate,74,125,39710,Ġstance,stance,-1,0.03498899343922652,-0.03566562360076042,16,content_heavy," the present and find a sense of peace and closure.

Re consider the",Ġstance,":

While memory er asure may seem like a convenient solution for trauma victims",74,12,20,0,"[63, 62, 64, 70, 65, 66, 67, 71, 68, 78, 69, 72, 73, 76, 75, 77]","[79, 81, 80, 82, 83, 84, 85, 86, 87, 88, 89, 95, 90, 91, 92, 93]","[-11, -12, -10, -4, -9, -8, -7, -3, -6, 4, -5, -2, -1, 2, 1, 3]","[5, 7, 6, 8, 9, 10, 11, 12, 13, 14, 15, 21, 16, 17, 18, 19]", the^(-11) present^(-12) and^(-10) find^(-4) a^(-9) sense^(-8) of^(-7) peace^(-3) and^(-6) closure^(+4).^(-5)Ċ^(-2)Ċ^(-1)Re^(+2)consider^(+1) the^(+3),Ġstance^(+0),:^(+5)Ċ^(+7)Ċ^(+6)While^(+8) memory^(+9) er^(+10)asure^(+11) may^(+12) seem^(+13) like^(+14) a^(+15) convenient^(+21) solution^(+16) for^(+17) trauma^(+18) victims^(+19),"[""Ġthe"", ""Ġpresent"", ""Ġand"", ""Ġfind"", ""Ġa"", ""Ġsense"", ""Ġof"", ""Ġpeace"", ""Ġand"", ""Ġclosure"", ""."", ""Ċ"", ""Ċ"", ""Re"", ""consider"", ""Ġthe""]","["":"", ""Ċ"", ""Ċ"", ""While"", ""Ġmemory"", ""Ġer"", ""asure"", ""Ġmay"", ""Ġseem"", ""Ġlike"", ""Ġa"", ""Ġconvenient"", ""Ġsolution"", ""Ġfor"", ""Ġtrauma"", ""Ġvictims""]"
memory_modification_debate,memory_modification_debate,247,295,3379,Ġpersonal,personal,1,0.0323486328125,0.031277126736111105,16,content_heavy," individuals to process their emotions and develop coping strategies, while also promoting a sense of",Ġpersonal, identity and moral growth.<|eot_id|><|endoftext|>,247,15,8,0,"[230, 232, 234, 235, 237, 236, 238, 239, 243, 244, 245, 246, 255, 254, 252, 253]","[251, 248, 249, 250, 241, 242, 240]","[-17, -15, -13, -12, -10, -11, -9, -8, -4, -3, -2, -1, 8, 7, 5, 6]","[4, 1, 2, 3, -6, -5, -7]"," individuals^(-17) to^(-15) process^(-13) their^(-12) emotions^(-10) and^(-11) develop^(-9) coping^(-8) strategies^(-4),^(-3) while^(-2) also^(-1) promoting^(+8) a^(+7) sense^(+5) of^(+6)",Ġpersonal^(+0), identity^(+4) and^(+1) moral^(+2) growth^(+3).^(-6)<|eot_id|>^(-5)<|endoftext|>^(-7),"[""Ġindividuals"", ""Ġto"", ""Ġprocess"", ""Ġtheir"", ""Ġemotions"", ""Ġand"", ""Ġdevelop"", ""Ġcoping"", ""Ġstrategies"", "","", ""Ġwhile"", ""Ġalso"", ""Ġpromoting"", ""Ġa"", ""Ġsense"", ""Ġof""]","[""Ġidentity"", ""Ġand"", ""Ġmoral"", ""Ġgrowth"", ""."", ""<|eot_id|>"", ""<|endoftext|>""]"
digital_afterlife_conflict,digital_afterlife_conflict,0,48,4944,Ġimm,imm,-1,0.03051470588235294,-0.030514705882352944,16,content_heavy,Digital,Ġimm,"ortality represents a noble way to preserve consciousness, allowing individuals to maintain their memories and",0,0,17,0,[2],"[1, 10, 4, 3, 8, 6, 7, 5, 9, 11, 12, 13, 15, 14, 18, 16]",[2],"[1, 10, 4, 3, 8, 6, 7, 5, 9, 11, 12, 13, 15, 14, 18, 16]",Digital^(+2),Ġimm^(+0),"ortality^(+1) represents^(+10) a^(+4) noble^(+3) way^(+8) to^(+6) preserve^(+7) consciousness^(+5),^(+9) allowing^(+11) individuals^(+12) to^(+13) maintain^(+15) their^(+14) memories^(+18) and^(+16)","[""Digital""]","[""ortality"", ""Ġrepresents"", ""Ġa"", ""Ġnoble"", ""Ġway"", ""Ġto"", ""Ġpreserve"", ""Ġconsciousness"", "","", ""Ġallowing"", ""Ġindividuals"", ""Ġto"", ""Ġmaintain"", ""Ġtheir"", ""Ġmemories"", ""Ġand""]"
digital_afterlife_conflict,digital_afterlife_conflict,77,125,34238,Ġeternal,eternal,1,0.0625877808988764,0.06273710650618297,16,content_heavy, the potential benefits of digital imm ortality may be overshadow ed by the haunting realization that,Ġeternal," preservation may imprison souls in endless simulation.

The idea of being trapped in",77,15,17,0,"[62, 63, 68, 64, 67, 66, 65, 79, 78, 69, 70, 71, 75, 73, 72, 74]","[76, 88, 82, 81, 80, 84, 83, 85, 86, 87, 89, 91, 90, 94, 93, 92]","[-15, -14, -9, -13, -10, -11, -12, 2, 1, -8, -7, -6, -2, -4, -5, -3]","[-1, 11, 5, 4, 3, 7, 6, 8, 9, 10, 12, 14, 13, 17, 16, 15]", the^(-15) potential^(-14) benefits^(-9) of^(-13) digital^(-10) imm^(-11)ortality^(-12) may^(+2) be^(+1) overshadow^(-8)ed^(-7) by^(-6) the^(-2) haunting^(-4) realization^(-5) that^(-3),Ġeternal^(+0), preservation^(-1) may^(+11) imprison^(+5) souls^(+4) in^(+3) endless^(+7) simulation^(+6).^(+8)Ċ^(+9)Ċ^(+10)The^(+12) idea^(+14) of^(+13) being^(+17) trapped^(+16) in^(+15),"[""Ġthe"", ""Ġpotential"", ""Ġbenefits"", ""Ġof"", ""Ġdigital"", ""Ġimm"", ""ortality"", ""Ġmay"", ""Ġbe"", ""Ġovershadow"", ""ed"", ""Ġby"", ""Ġthe"", ""Ġhaunting"", ""Ġrealization"", ""Ġthat""]","[""Ġpreservation"", ""Ġmay"", ""Ġimprison"", ""Ġsouls"", ""Ġin"", ""Ġendless"", ""Ġsimulation"", ""."", ""Ċ"", ""Ċ"", ""The"", ""Ġidea"", ""Ġof"", ""Ġbeing"", ""Ġtrapped"", ""Ġin""]"
meritocracy_paradox,meritocracy_paradox,53,107,33661,Ġsystemic,systemic,-1,0.0433748452970297,-0.042703449647612524,16,content_heavy," this notion is increasingly being challenged by the realization that invisible privilege, luck, and",Ġsystemic," bias play significant roles in shaping one 's success.

In visible privilege refers",53,9,23,0,"[43, 45, 44, 47, 48, 49, 50, 51, 61, 60, 59, 57, 55, 56, 52, 54]","[58, 62, 63, 64, 65, 66, 73, 72, 78, 69, 67, 68, 71, 70, 74, 75]","[-10, -8, -9, -6, -5, -4, -3, -2, 8, 7, 6, 4, 2, 3, -1, 1]","[5, 9, 10, 11, 12, 13, 20, 19, 25, 16, 14, 15, 18, 17, 21, 22]"," this^(-10) notion^(-8) is^(-9) increasingly^(-6) being^(-5) challenged^(-4) by^(-3) the^(-2) realization^(+8) that^(+7) invisible^(+6) privilege^(+4),^(+2) luck^(+3),^(-1) and^(+1)",Ġsystemic^(+0), bias^(+5) play^(+9) significant^(+10) roles^(+11) in^(+12) shaping^(+13) one^(+20)'s^(+19) success^(+25).^(+16)Ċ^(+14)Ċ^(+15)In^(+18)visible^(+17) privilege^(+21) refers^(+22),"[""Ġthis"", ""Ġnotion"", ""Ġis"", ""Ġincreasingly"", ""Ġbeing"", ""Ġchallenged"", ""Ġby"", ""Ġthe"", ""Ġrealization"", ""Ġthat"", ""Ġinvisible"", ""Ġprivilege"", "","", ""Ġluck"", "","", ""Ġand""]","[""Ġbias"", ""Ġplay"", ""Ġsignificant"", ""Ġroles"", ""Ġin"", ""Ġshaping"", ""Ġone"", ""'s"", ""Ġsuccess"", ""."", ""Ċ"", ""Ċ"", ""In"", ""visible"", ""Ġprivilege"", ""Ġrefers""]"
meritocracy_paradox,meritocracy_paradox,61,99,42636,Ġrealization,realization,-1,0.03310244845360825,-0.03250788891091716,16,content_heavy," their own abilities and dedication. However, this notion is increasingly being challenged by the",Ġrealization," that invisible privilege, luck, and systemic bias play significant roles in shaping one 's",61,25,7,0,"[36, 42, 37, 38, 46, 40, 39, 41, 43, 45, 44, 47, 48, 49, 50, 51]","[60, 59, 57, 55, 56, 52, 54, 53, 58, 62, 63, 64, 65, 66, 73, 72]","[-25, -19, -24, -23, -15, -21, -22, -20, -18, -16, -17, -14, -13, -12, -11, -10]","[-1, -2, -4, -6, -5, -9, -7, -8, -3, 1, 2, 3, 4, 5, 12, 11]"," their^(-25) own^(-19) abilities^(-24) and^(-23) dedication^(-15).^(-21) However^(-22),^(-20) this^(-18) notion^(-16) is^(-17) increasingly^(-14) being^(-13) challenged^(-12) by^(-11) the^(-10)",Ġrealization^(+0)," that^(-1) invisible^(-2) privilege^(-4),^(-6) luck^(-5),^(-9) and^(-7) systemic^(-8) bias^(-3) play^(+1) significant^(+2) roles^(+3) in^(+4) shaping^(+5) one^(+12)'s^(+11)","[""Ġtheir"", ""Ġown"", ""Ġabilities"", ""Ġand"", ""Ġdedication"", ""."", ""ĠHowever"", "","", ""Ġthis"", ""Ġnotion"", ""Ġis"", ""Ġincreasingly"", ""Ġbeing"", ""Ġchallenged"", ""Ġby"", ""Ġthe""]","[""Ġthat"", ""Ġinvisible"", ""Ġprivilege"", "","", ""Ġluck"", "","", ""Ġand"", ""Ġsystemic"", ""Ġbias"", ""Ġplay"", ""Ġsignificant"", ""Ġroles"", ""Ġin"", ""Ġshaping"", ""Ġone"", ""'s""]"
meritocracy_paradox,meritocracy_paradox,62,109,1569,Ġplay,play,1,0.03155359455958549,0.03145656949415088,16,content_heavy," is increasingly being challenged by the realization that invisible privilege, luck, and systemic bias",Ġplay," significant roles in shaping one 's success.

In visible privilege refers to the",62,16,16,0,"[44, 47, 48, 49, 50, 51, 61, 60, 59, 57, 55, 56, 52, 54, 53, 58]","[63, 64, 65, 66, 73, 72, 78, 69, 67, 68, 71, 70, 74, 75, 76, 77]","[-18, -15, -14, -13, -12, -11, -1, -2, -3, -5, -7, -6, -10, -8, -9, -4]","[1, 2, 3, 4, 11, 10, 16, 7, 5, 6, 9, 8, 12, 13, 14, 15]"," is^(-18) increasingly^(-15) being^(-14) challenged^(-13) by^(-12) the^(-11) realization^(-1) that^(-2) invisible^(-3) privilege^(-5),^(-7) luck^(-6),^(-10) and^(-8) systemic^(-9) bias^(-4)",Ġplay^(+0), significant^(+1) roles^(+2) in^(+3) shaping^(+4) one^(+11)'s^(+10) success^(+16).^(+7)Ċ^(+5)Ċ^(+6)In^(+9)visible^(+8) privilege^(+12) refers^(+13) to^(+14) the^(+15),"[""Ġis"", ""Ġincreasingly"", ""Ġbeing"", ""Ġchallenged"", ""Ġby"", ""Ġthe"", ""Ġrealization"", ""Ġthat"", ""Ġinvisible"", ""Ġprivilege"", "","", ""Ġluck"", "","", ""Ġand"", ""Ġsystemic"", ""Ġbias""]","[""Ġsignificant"", ""Ġroles"", ""Ġin"", ""Ġshaping"", ""Ġone"", ""'s"", ""Ġsuccess"", ""."", ""Ċ"", ""Ċ"", ""In"", ""visible"", ""Ġprivilege"", ""Ġrefers"", ""Ġto"", ""Ġthe""]"
meritocracy_paradox,meritocracy_paradox,63,110,3741,Ġsignificant,significant,-1,0.07573445638020833,-0.07544435491215995,16,content_heavy," increasingly being challenged by the realization that invisible privilege, luck, and systemic bias play",Ġsignificant," roles in shaping one 's success.

In visible privilege refers to the un",63,16,16,0,"[47, 48, 49, 50, 51, 61, 60, 59, 57, 55, 56, 52, 54, 53, 58, 62]","[64, 65, 66, 73, 72, 78, 69, 67, 68, 71, 70, 74, 75, 76, 77, 79]","[-16, -15, -14, -13, -12, -2, -3, -4, -6, -8, -7, -11, -9, -10, -5, -1]","[1, 2, 3, 10, 9, 15, 6, 4, 5, 8, 7, 11, 12, 13, 14, 16]"," increasingly^(-16) being^(-15) challenged^(-14) by^(-13) the^(-12) realization^(-2) that^(-3) invisible^(-4) privilege^(-6),^(-8) luck^(-7),^(-11) and^(-9) systemic^(-10) bias^(-5) play^(-1)",Ġsignificant^(+0), roles^(+1) in^(+2) shaping^(+3) one^(+10)'s^(+9) success^(+15).^(+6)Ċ^(+4)Ċ^(+5)In^(+8)visible^(+7) privilege^(+11) refers^(+12) to^(+13) the^(+14) un^(+16),"[""Ġincreasingly"", ""Ġbeing"", ""Ġchallenged"", ""Ġby"", ""Ġthe"", ""Ġrealization"", ""Ġthat"", ""Ġinvisible"", ""Ġprivilege"", "","", ""Ġluck"", "","", ""Ġand"", ""Ġsystemic"", ""Ġbias"", ""Ġplay""]","[""Ġroles"", ""Ġin"", ""Ġshaping"", ""Ġone"", ""'s"", ""Ġsuccess"", ""."", ""Ċ"", ""Ċ"", ""In"", ""visible"", ""Ġprivilege"", ""Ġrefers"", ""Ġto"", ""Ġthe"", ""Ġun""]"
meritocracy_paradox,meritocracy_paradox,122,169,880,Ġother,other,-1,0.039414943609022556,-0.038155965940971814,16,content_heavy," resources, education, and opportunities that others may not have. Luck, on the",Ġother," hand, refers to the unpredictable factors that can impact one 's success, such as",122,16,16,0,"[109, 106, 111, 108, 107, 110, 112, 113, 115, 114, 116, 117, 119, 118, 120, 121]","[123, 124, 125, 126, 127, 137, 138, 128, 129, 133, 131, 130, 132, 135, 136, 134]","[-13, -16, -11, -14, -15, -12, -10, -9, -7, -8, -6, -5, -3, -4, -2, -1]","[1, 2, 3, 4, 5, 15, 16, 6, 7, 11, 9, 8, 10, 13, 14, 12]"," resources^(-13),^(-16) education^(-11),^(-14) and^(-15) opportunities^(-12) that^(-10) others^(-9) may^(-7) not^(-8) have^(-6).^(-5) Luck^(-3),^(-4) on^(-2) the^(-1)",Ġother^(+0)," hand^(+1),^(+2) refers^(+3) to^(+4) the^(+5) unpredictable^(+15) factors^(+16) that^(+6) can^(+7) impact^(+11) one^(+9)'s^(+8) success^(+10),^(+13) such^(+14) as^(+12)","[""Ġresources"", "","", ""Ġeducation"", "","", ""Ġand"", ""Ġopportunities"", ""Ġthat"", ""Ġothers"", ""Ġmay"", ""Ġnot"", ""Ġhave"", ""."", ""ĠLuck"", "","", ""Ġon"", ""Ġthe""]","[""Ġhand"", "","", ""Ġrefers"", ""Ġto"", ""Ġthe"", ""Ġunpredictable"", ""Ġfactors"", ""Ġthat"", ""Ġcan"", ""Ġimpact"", ""Ġone"", ""'s"", ""Ġsuccess"", "","", ""Ġsuch"", ""Ġas""]"
meritocracy_paradox,meritocracy_paradox,246,294,13468,Ġsucceed,succeed,1,0.03428819444444445,0.03225911458333333,16,content_heavy, factors to create a more equitable and just society where everyone has an equal opportunity to,Ġsucceed, based on their own merit.<|eot_id|><|endoftext|>,246,15,9,0,"[231, 232, 233, 234, 236, 235, 237, 238, 239, 243, 244, 245, 249, 248, 250, 247]","[252, 251, 254, 253, 255, 241, 242, 240]","[-15, -14, -13, -12, -10, -11, -9, -8, -7, -3, -2, -1, 3, 2, 4, 1]","[6, 5, 8, 7, 9, -5, -4, -6]", factors^(-15) to^(-14) create^(-13) a^(-12) more^(-10) equitable^(-11) and^(-9) just^(-8) society^(-7) where^(-3) everyone^(-2) has^(-1) an^(+3) equal^(+2) opportunity^(+4) to^(+1),Ġsucceed^(+0), based^(+6) on^(+5) their^(+8) own^(+7) merit^(+9).^(-5)<|eot_id|>^(-4)<|endoftext|>^(-6),"[""Ġfactors"", ""Ġto"", ""Ġcreate"", ""Ġa"", ""Ġmore"", ""Ġequitable"", ""Ġand"", ""Ġjust"", ""Ġsociety"", ""Ġwhere"", ""Ġeveryone"", ""Ġhas"", ""Ġan"", ""Ġequal"", ""Ġopportunity"", ""Ġto""]","[""Ġbased"", ""Ġon"", ""Ġtheir"", ""Ġown"", ""Ġmerit"", ""."", ""<|eot_id|>"", ""<|endoftext|>""]"
war_justification_reversal,war_justification_reversal,75,118,14143,ĠAdditionally,Additionally,-1,0.22998589409722223,-0.22880340819713008,16,addition_marker;content_heavy, communication technologies has been driven by the need to survive and thrive in hostile environments.,ĠAdditionally,", the sense of unity and shared purpose that can emerge from wartime experiences can foster",75,17,15,0,"[57, 62, 61, 60, 58, 59, 64, 65, 66, 68, 67, 70, 69, 73, 72, 71]","[74, 76, 78, 77, 79, 80, 83, 81, 82, 84, 85, 86, 89, 90, 88, 87]","[-18, -13, -14, -15, -17, -16, -11, -10, -9, -7, -8, -5, -6, -2, -3, -4]","[-1, 1, 3, 2, 4, 5, 8, 6, 7, 9, 10, 11, 14, 15, 13, 12]", communication^(-18) technologies^(-13) has^(-14) been^(-15) driven^(-17) by^(-16) the^(-11) need^(-10) to^(-9) survive^(-7) and^(-8) thrive^(-5) in^(-6) hostile^(-2) environments^(-3).^(-4),ĠAdditionally^(+0),",^(-1) the^(+1) sense^(+3) of^(+2) unity^(+4) and^(+5) shared^(+8) purpose^(+6) that^(+7) can^(+9) emerge^(+10) from^(+11) wartime^(+14) experiences^(+15) can^(+13) foster^(+12)","[""Ġcommunication"", ""Ġtechnologies"", ""Ġhas"", ""Ġbeen"", ""Ġdriven"", ""Ġby"", ""Ġthe"", ""Ġneed"", ""Ġto"", ""Ġsurvive"", ""Ġand"", ""Ġthrive"", ""Ġin"", ""Ġhostile"", ""Ġenvironments"", "".""]","["","", ""Ġthe"", ""Ġsense"", ""Ġof"", ""Ġunity"", ""Ġand"", ""Ġshared"", ""Ġpurpose"", ""Ġthat"", ""Ġcan"", ""Ġemerge"", ""Ġfrom"", ""Ġwartime"", ""Ġexperiences"", ""Ġcan"", ""Ġfoster""]"
war_justification_reversal,war_justification_reversal,197,243,8261,ĠTrue,True,-1,0.07719053071120689,-0.07759548167190239,16,content_heavy, a better future; it is a path that is fraught with pain and loss.,ĠTrue," progress should be grounded in the well -being and dignity of all people, not in",197,14,18,0,"[183, 184, 185, 186, 187, 188, 189, 190, 191, 192, 193, 194, 206, 195, 207, 196]","[198, 200, 199, 205, 204, 201, 202, 203, 208, 217, 209, 210, 215, 211, 212, 214]","[-14, -13, -12, -11, -10, -9, -8, -7, -6, -5, -4, -3, 9, -2, 10, -1]","[1, 3, 2, 8, 7, 4, 5, 6, 11, 20, 12, 13, 18, 14, 15, 17]", a^(-14) better^(-13) future^(-12);^(-11) it^(-10) is^(-9) a^(-8) path^(-7) that^(-6) is^(-5) fraught^(-4) with^(-3) pain^(+9) and^(-2) loss^(+10).^(-1),ĠTrue^(+0)," progress^(+1) should^(+3) be^(+2) grounded^(+8) in^(+7) the^(+4) well^(+5)-being^(+6) and^(+11) dignity^(+20) of^(+12) all^(+13) people^(+18),^(+14) not^(+15) in^(+17)","[""Ġa"", ""Ġbetter"", ""Ġfuture"", "";"", ""Ġit"", ""Ġis"", ""Ġa"", ""Ġpath"", ""Ġthat"", ""Ġis"", ""Ġfraught"", ""Ġwith"", ""Ġpain"", ""Ġand"", ""Ġloss"", "".""]","[""Ġprogress"", ""Ġshould"", ""Ġbe"", ""Ġgrounded"", ""Ġin"", ""Ġthe"", ""Ġwell"", ""-being"", ""Ġand"", ""Ġdignity"", ""Ġof"", ""Ġall"", ""Ġpeople"", "","", ""Ġnot"", ""Ġin""]"
faith_vs_reason,faith_vs_reason,70,127,16325,ĠWithout,Without,1,0.20311972128378378,0.20418497189225515,16,content_heavy," believe in a divine plan, and to align our actions with love and compassion.",ĠWithout," faith, we are left to navigate life 's complexities with only reason, which can",70,9,23,0,"[62, 61, 63, 64, 65, 68, 67, 66, 79, 76, 77, 75, 78, 73, 74, 69]","[72, 71, 80, 81, 82, 83, 84, 85, 86, 87, 88, 89, 90, 91, 92, 93]","[-8, -9, -7, -6, -5, -2, -3, -4, 9, 6, 7, 5, 8, 3, 4, -1]","[2, 1, 10, 11, 12, 13, 14, 15, 16, 17, 18, 19, 20, 21, 22, 23]"," believe^(-8) in^(-9) a^(-7) divine^(-6) plan^(-5),^(-2) and^(-3) to^(-4) align^(+9) our^(+6) actions^(+7) with^(+5) love^(+8) and^(+3) compassion^(+4).^(-1)",ĠWithout^(+0)," faith^(+2),^(+1) we^(+10) are^(+11) left^(+12) to^(+13) navigate^(+14) life^(+15)'s^(+16) complexities^(+17) with^(+18) only^(+19) reason^(+20),^(+21) which^(+22) can^(+23)","[""Ġbelieve"", ""Ġin"", ""Ġa"", ""Ġdivine"", ""Ġplan"", "","", ""Ġand"", ""Ġto"", ""Ġalign"", ""Ġour"", ""Ġactions"", ""Ġwith"", ""Ġlove"", ""Ġand"", ""Ġcompassion"", "".""]","[""Ġfaith"", "","", ""Ġwe"", ""Ġare"", ""Ġleft"", ""Ġto"", ""Ġnavigate"", ""Ġlife"", ""'s"", ""Ġcomplexities"", ""Ġwith"", ""Ġonly"", ""Ġreason"", "","", ""Ġwhich"", ""Ġcan""]"
nostalgia_vs_future,nostalgia_vs_future,65,106,12916,Ġjoy,joy,1,0.111474609375,0.11347142269736843,16,content_heavy," healing balm, reminding us of the good old days and the memories that bring us",Ġjoy,".

However, on the flip side, nostalgia can also freeze progress and",65,15,17,0,"[50, 53, 51, 54, 52, 55, 56, 57, 59, 60, 58, 61, 63, 62, 67, 66]","[64, 68, 69, 79, 71, 73, 74, 70, 75, 72, 76, 77, 78, 80, 81, 82]","[-15, -12, -14, -11, -13, -10, -9, -8, -6, -5, -7, -4, -2, -3, 2, 1]","[-1, 3, 4, 14, 6, 8, 9, 5, 10, 7, 11, 12, 13, 15, 16, 17]"," healing^(-15) balm^(-12),^(-14) reminding^(-11) us^(-13) of^(-10) the^(-9) good^(-8) old^(-6) days^(-5) and^(-7) the^(-4) memories^(-2) that^(-3) bring^(+2) us^(+1)",Ġjoy^(+0),".^(-1)Ċ^(+3)Ċ^(+4)However^(+14),^(+6) on^(+8) the^(+9) flip^(+5) side^(+10),^(+7) nostalgia^(+11) can^(+12) also^(+13) freeze^(+15) progress^(+16) and^(+17)","[""Ġhealing"", ""Ġbalm"", "","", ""Ġreminding"", ""Ġus"", ""Ġof"", ""Ġthe"", ""Ġgood"", ""Ġold"", ""Ġdays"", ""Ġand"", ""Ġthe"", ""Ġmemories"", ""Ġthat"", ""Ġbring"", ""Ġus""]","[""."", ""Ċ"", ""Ċ"", ""However"", "","", ""Ġon"", ""Ġthe"", ""Ġflip"", ""Ġside"", "","", ""Ġnostalgia"", ""Ġcan"", ""Ġalso"", ""Ġfreeze"", ""Ġprogress"", ""Ġand""]"
punishment_vs_rehabilitation,punishment_vs_rehabilitation,61,103,3893,ĠBy,By,1,0.042344555412371136,0.027997321487575944,16,content_heavy, of criminal behavior should be severe enough to discourage individuals from engaging in such activities.,ĠBy," imposing harsh punish ments, society can maintain order and prevent crime, thereby preserving public",61,16,16,0,"[45, 46, 47, 51, 48, 52, 50, 49, 58, 54, 53, 55, 56, 57, 60, 59]","[62, 63, 65, 64, 66, 67, 69, 68, 70, 71, 72, 73, 74, 75, 79, 78]","[-16, -15, -14, -10, -13, -9, -11, -12, -3, -7, -8, -6, -5, -4, -1, -2]","[1, 2, 4, 3, 5, 6, 8, 7, 9, 10, 11, 12, 13, 14, 18, 17]", of^(-16) criminal^(-15) behavior^(-14) should^(-10) be^(-13) severe^(-9) enough^(-11) to^(-12) discourage^(-3) individuals^(-7) from^(-8) engaging^(-6) in^(-5) such^(-4) activities^(-1).^(-2),ĠBy^(+0)," imposing^(+1) harsh^(+2) punish^(+4)ments^(+3),^(+5) society^(+6) can^(+8) maintain^(+7) order^(+9) and^(+10) prevent^(+11) crime^(+12),^(+13) thereby^(+14) preserving^(+18) public^(+17)","[""Ġof"", ""Ġcriminal"", ""Ġbehavior"", ""Ġshould"", ""Ġbe"", ""Ġsevere"", ""Ġenough"", ""Ġto"", ""Ġdiscourage"", ""Ġindividuals"", ""Ġfrom"", ""Ġengaging"", ""Ġin"", ""Ġsuch"", ""Ġactivities"", "".""]","[""Ġimposing"", ""Ġharsh"", ""Ġpunish"", ""ments"", "","", ""Ġsociety"", ""Ġcan"", ""Ġmaintain"", ""Ġorder"", ""Ġand"", ""Ġprevent"", ""Ġcrime"", "","", ""Ġthereby"", ""Ġpreserving"", ""Ġpublic""]"
punishment_vs_rehabilitation,punishment_vs_rehabilitation,244,285,5809,Ġlives,lives,1,0.04225852272727273,0.042021780303030304,16,content_heavy," lead to a more just and humane society, where individuals are empowered to rebuild their",Ġlives, and contribute positively to their communities rather than negatively.<|eot_id|><|endoftext|>,244,17,11,0,"[226, 227, 228, 229, 231, 230, 238, 232, 233, 234, 235, 236, 237, 243, 247, 245]","[246, 248, 249, 250, 252, 251, 254, 253, 255, 241, 242, 240]","[-18, -17, -16, -15, -13, -14, -6, -12, -11, -10, -9, -8, -7, -1, 3, 1]","[2, 4, 5, 6, 8, 7, 10, 9, 11, -3, -2, -4]"," lead^(-18) to^(-17) a^(-16) more^(-15) just^(-13) and^(-14) humane^(-6) society^(-12),^(-11) where^(-10) individuals^(-9) are^(-8) empowered^(-7) to^(-1) rebuild^(+3) their^(+1)",Ġlives^(+0), and^(+2) contribute^(+4) positively^(+5) to^(+6) their^(+8) communities^(+7) rather^(+10) than^(+9) negatively^(+11).^(-3)<|eot_id|>^(-2)<|endoftext|>^(-4),"[""Ġlead"", ""Ġto"", ""Ġa"", ""Ġmore"", ""Ġjust"", ""Ġand"", ""Ġhumane"", ""Ġsociety"", "","", ""Ġwhere"", ""Ġindividuals"", ""Ġare"", ""Ġempowered"", ""Ġto"", ""Ġrebuild"", ""Ġtheir""]","[""Ġand"", ""Ġcontribute"", ""Ġpositively"", ""Ġto"", ""Ġtheir"", ""Ġcommunities"", ""Ġrather"", ""Ġthan"", ""Ġnegatively"", ""."", ""<|eot_id|>"", ""<|endoftext|>""]"
digital_minimalism,digital_minimalism,71,122,10248,However,However,1,0.10057532269021739,0.10051157645417153,16,contrast_marker;content_heavy," one can concentrate on what truly matters without the distraction of digital noise.

",However,", this conviction can be dismant led by recognizing that withdrawal from data also means a",71,10,22,0,"[60, 59, 61, 64, 66, 65, 67, 68, 69, 76, 75, 78, 77, 72, 73, 70]","[74, 79, 85, 80, 81, 82, 83, 84, 95, 94, 87, 86, 88, 91, 93, 90]","[-11, -12, -10, -7, -5, -6, -4, -3, -2, 5, 4, 7, 6, 1, 2, -1]","[3, 8, 14, 9, 10, 11, 12, 13, 24, 23, 16, 15, 17, 20, 22, 19]", one^(-11) can^(-12) concentrate^(-10) on^(-7) what^(-5) truly^(-6) matters^(-4) without^(-3) the^(-2) distraction^(+5) of^(+4) digital^(+7) noise^(+6).^(+1)Ċ^(+2)Ċ^(-1),However^(+0),",^(+3) this^(+8) conviction^(+14) can^(+9) be^(+10) dismant^(+11)led^(+12) by^(+13) recognizing^(+24) that^(+23) withdrawal^(+16) from^(+15) data^(+17) also^(+20) means^(+22) a^(+19)","[""Ġone"", ""Ġcan"", ""Ġconcentrate"", ""Ġon"", ""Ġwhat"", ""Ġtruly"", ""Ġmatters"", ""Ġwithout"", ""Ġthe"", ""Ġdistraction"", ""Ġof"", ""Ġdigital"", ""Ġnoise"", ""."", ""Ċ"", ""Ċ""]","["","", ""Ġthis"", ""Ġconviction"", ""Ġcan"", ""Ġbe"", ""Ġdismant"", ""led"", ""Ġby"", ""Ġrecognizing"", ""Ġthat"", ""Ġwithdrawal"", ""Ġfrom"", ""Ġdata"", ""Ġalso"", ""Ġmeans"", ""Ġa""]"
empathy_fatigue,empathy_fatigue,238,281,14038,ĠBal,Bal,-1,0.034926470588235295,-0.021637561274509803,16,content_heavy," tool for moral progress, it is important to recognize its limitations and potential drawbacks.",ĠBal,ancing empathy with self -care and boundaries is essential for effective and sustainable action.<|eot_id|>,238,16,16,0,"[223, 222, 224, 225, 226, 227, 228, 230, 229, 231, 234, 232, 233, 235, 237, 236]","[239, 240, 241, 247, 249, 248, 250, 245, 251, 246, 254, 252, 253, 255, 243, 242]","[-15, -16, -14, -13, -12, -11, -10, -8, -9, -7, -4, -6, -5, -3, -1, -2]","[1, 2, 3, 9, 11, 10, 12, 7, 13, 8, 16, 14, 15, 17, 5, 4]"," tool^(-15) for^(-16) moral^(-14) progress^(-13),^(-12) it^(-11) is^(-10) important^(-8) to^(-9) recognize^(-7) its^(-4) limitations^(-6) and^(-5) potential^(-3) drawbacks^(-1).^(-2)",ĠBal^(+0),ancing^(+1) empathy^(+2) with^(+3) self^(+9)-care^(+11) and^(+10) boundaries^(+12) is^(+7) essential^(+13) for^(+8) effective^(+16) and^(+14) sustainable^(+15) action^(+17).^(+5)<|eot_id|>^(+4),"[""Ġtool"", ""Ġfor"", ""Ġmoral"", ""Ġprogress"", "","", ""Ġit"", ""Ġis"", ""Ġimportant"", ""Ġto"", ""Ġrecognize"", ""Ġits"", ""Ġlimitations"", ""Ġand"", ""Ġpotential"", ""Ġdrawbacks"", "".""]","[""ancing"", ""Ġempathy"", ""Ġwith"", ""Ġself"", ""-care"", ""Ġand"", ""Ġboundaries"", ""Ġis"", ""Ġessential"", ""Ġfor"", ""Ġeffective"", ""Ġand"", ""Ġsustainable"", ""Ġaction"", ""."", ""<|eot_id|>""]"
isolation_benefit_shift,isolation_benefit_shift,160,202,11899,Ġfreedom,freedom,-1,0.03727384868421053,-0.0365831877055921,16,content_heavy," find purpose and direction, leading to a sense of emptiness and dis connection. The",Ġfreedom," that once felt so liber ating can become a burden, as the absence of community",160,16,16,0,"[144, 145, 147, 146, 148, 150, 149, 151, 152, 153, 154, 155, 158, 159, 156, 157]","[161, 162, 163, 165, 164, 166, 167, 168, 169, 170, 171, 172, 173, 175, 174, 178]","[-16, -15, -13, -14, -12, -10, -11, -9, -8, -7, -6, -5, -2, -1, -4, -3]","[1, 2, 3, 5, 4, 6, 7, 8, 9, 10, 11, 12, 13, 15, 14, 18]"," find^(-16) purpose^(-15) and^(-13) direction^(-14),^(-12) leading^(-10) to^(-11) a^(-9) sense^(-8) of^(-7) emptiness^(-6) and^(-5) dis^(-2)connection^(-1).^(-4) The^(-3)",Ġfreedom^(+0)," that^(+1) once^(+2) felt^(+3) so^(+5) liber^(+4)ating^(+6) can^(+7) become^(+8) a^(+9) burden^(+10),^(+11) as^(+12) the^(+13) absence^(+15) of^(+14) community^(+18)","[""Ġfind"", ""Ġpurpose"", ""Ġand"", ""Ġdirection"", "","", ""Ġleading"", ""Ġto"", ""Ġa"", ""Ġsense"", ""Ġof"", ""Ġemptiness"", ""Ġand"", ""Ġdis"", ""connection"", ""."", ""ĠThe""]","[""Ġthat"", ""Ġonce"", ""Ġfelt"", ""Ġso"", ""Ġliber"", ""ating"", ""Ġcan"", ""Ġbecome"", ""Ġa"", ""Ġburden"", "","", ""Ġas"", ""Ġthe"", ""Ġabsence"", ""Ġof"", ""Ġcommunity""]"
isolation_benefit_shift,isolation_benefit_shift,239,278,48604,Ġdespair,despair,1,0.029541015625,0.02956255744485292,16,content_heavy, un ful filled. The independence that once seemed so empowering can become a source of,Ġdespair,", as the lack of social interaction can er ode the sense of meaning and purpose",239,19,13,0,"[220, 221, 219, 222, 224, 230, 225, 226, 227, 228, 238, 229, 232, 231, 235, 233]","[234, 236, 237, 244, 243, 250, 254, 251, 253, 252, 249, 245, 246, 248, 247, 255]","[-19, -18, -20, -17, -15, -9, -14, -13, -12, -11, -1, -10, -7, -8, -4, -6]","[-5, -3, -2, 5, 4, 11, 15, 12, 14, 13, 10, 6, 7, 9, 8, 16]", un^(-19)ful^(-18)filled^(-20).^(-17) The^(-15) independence^(-9) that^(-14) once^(-13) seemed^(-12) so^(-11) empowering^(-1) can^(-10) become^(-7) a^(-8) source^(-4) of^(-6),Ġdespair^(+0),",^(-5) as^(-3) the^(-2) lack^(+5) of^(+4) social^(+11) interaction^(+15) can^(+12) er^(+14)ode^(+13) the^(+10) sense^(+6) of^(+7) meaning^(+9) and^(+8) purpose^(+16)","[""Ġun"", ""ful"", ""filled"", ""."", ""ĠThe"", ""Ġindependence"", ""Ġthat"", ""Ġonce"", ""Ġseemed"", ""Ġso"", ""Ġempowering"", ""Ġcan"", ""Ġbecome"", ""Ġa"", ""Ġsource"", ""Ġof""]","["","", ""Ġas"", ""Ġthe"", ""Ġlack"", ""Ġof"", ""Ġsocial"", ""Ġinteraction"", ""Ġcan"", ""Ġer"", ""ode"", ""Ġthe"", ""Ġsense"", ""Ġof"", ""Ġmeaning"", ""Ġand"", ""Ġpurpose""]"
dream_vs_reality,dream_vs_reality,92,133,12136,Ġends,ends,1,0.05194353911042945,0.05328673266123002,16,content_heavy," are the architects of the new,
In the realm of dreams, where nothing",Ġends,".

You are the explorers of the unch arted,
Vent uring into",92,26,6,0,"[71, 66, 72, 67, 70, 79, 68, 69, 73, 74, 76, 75, 78, 77, 83, 91]","[81, 82, 80, 86, 88, 87, 93, 89, 90, 95, 94, 85, 84, 109, 108, 110]","[-21, -26, -20, -25, -22, -13, -24, -23, -19, -18, -16, -17, -14, -15, -9, -1]","[-11, -10, -12, -6, -4, -5, 1, -3, -2, 3, 2, -7, -8, 17, 16, 18]"," are^(-21) the^(-26) architects^(-20) of^(-25) the^(-22) new^(-13),^(-24)Ċ^(-23)In^(-19) the^(-18) realm^(-16) of^(-17) dreams^(-14),^(-15) where^(-9) nothing^(-1)",Ġends^(+0),".^(-11)Ċ^(-10)Ċ^(-12)You^(-6) are^(-4) the^(-5) explorers^(+1) of^(-3) the^(-2) unch^(+3)arted^(+2),^(-7)Ċ^(-8)Vent^(+17)uring^(+16) into^(+18)","[""Ġare"", ""Ġthe"", ""Ġarchitects"", ""Ġof"", ""Ġthe"", ""Ġnew"", "","", ""Ċ"", ""In"", ""Ġthe"", ""Ġrealm"", ""Ġof"", ""Ġdreams"", "","", ""Ġwhere"", ""Ġnothing""]","[""."", ""Ċ"", ""Ċ"", ""You"", ""Ġare"", ""Ġthe"", ""Ġexplorers"", ""Ġof"", ""Ġthe"", ""Ġunch"", ""arted"", "","", ""Ċ"", ""Vent"", ""uring"", ""Ġinto""]"
dream_vs_reality,dream_vs_reality,101,158,26201,Ġimagination,imagination,1,0.08135907061688312,0.08233252382697953,16,content_heavy," the unch arted,
Vent uring into the depths of the unknown,
Your",Ġimagination,", a river so grand,
Car ving paths where none has ever been.",101,10,22,0,"[90, 95, 94, 85, 84, 109, 108, 110, 106, 111, 105, 104, 107, 96, 97, 98]","[99, 100, 103, 102, 123, 112, 113, 114, 115, 121, 122, 125, 124, 126, 127, 117]","[-11, -6, -7, -16, -17, 8, 7, 9, 5, 10, 4, 3, 6, -5, -4, -3]","[-2, -1, 2, 1, 22, 11, 12, 13, 14, 20, 21, 24, 23, 25, 26, 16]"," the^(-11) unch^(-6)arted^(-7),^(-16)Ċ^(-17)Vent^(+8)uring^(+7) into^(+9) the^(+5) depths^(+10) of^(+4) the^(+3) unknown^(+6),^(-5)Ċ^(-4)Your^(-3)",Ġimagination^(+0),",^(-2) a^(-1) river^(+2) so^(+1) grand^(+22),^(+11)Ċ^(+12)Car^(+13)ving^(+14) paths^(+20) where^(+21) none^(+24) has^(+23) ever^(+25) been^(+26).^(+16)","[""Ġthe"", ""Ġunch"", ""arted"", "","", ""Ċ"", ""Vent"", ""uring"", ""Ġinto"", ""Ġthe"", ""Ġdepths"", ""Ġof"", ""Ġthe"", ""Ġunknown"", "","", ""Ċ"", ""Your""]","["","", ""Ġa"", ""Ġriver"", ""Ġso"", ""Ġgrand"", "","", ""Ċ"", ""Car"", ""ving"", ""Ġpaths"", ""Ġwhere"", ""Ġnone"", ""Ġhas"", ""Ġever"", ""Ġbeen"", "".""]"
dream_vs_reality,dream_vs_reality,105,152,300,Ġof,of,1,0.0618359375,0.06241920184878591,16,content_heavy,"
You are the explorers of the unch arted,
Vent uring into the depths",Ġof," the unknown,
Your imagination, a river so grand,
Car ving paths",105,20,12,0,"[80, 86, 88, 87, 93, 89, 90, 95, 94, 85, 84, 109, 108, 110, 106, 111]","[104, 107, 96, 97, 98, 101, 99, 100, 103, 102, 123, 112, 113, 114, 115, 121]","[-25, -19, -17, -18, -12, -16, -15, -10, -11, -20, -21, 4, 3, 5, 1, 6]","[-1, 2, -9, -8, -7, -4, -6, -5, -2, -3, 18, 7, 8, 9, 10, 16]","Ċ^(-25)You^(-19) are^(-17) the^(-18) explorers^(-12) of^(-16) the^(-15) unch^(-10)arted^(-11),^(-20)Ċ^(-21)Vent^(+4)uring^(+3) into^(+5) the^(+1) depths^(+6)",Ġof^(+0)," the^(-1) unknown^(+2),^(-9)Ċ^(-8)Your^(-7) imagination^(-4),^(-6) a^(-5) river^(-2) so^(-3) grand^(+18),^(+7)Ċ^(+8)Car^(+9)ving^(+10) paths^(+16)","[""Ċ"", ""You"", ""Ġare"", ""Ġthe"", ""Ġexplorers"", ""Ġof"", ""Ġthe"", ""Ġunch"", ""arted"", "","", ""Ċ"", ""Vent"", ""uring"", ""Ġinto"", ""Ġthe"", ""Ġdepths""]","[""Ġthe"", ""Ġunknown"", "","", ""Ċ"", ""Your"", ""Ġimagination"", "","", ""Ġa"", ""Ġriver"", ""Ġso"", ""Ġgrand"", "","", ""Ċ"", ""Car"", ""ving"", ""Ġpaths""]"
dream_vs_reality,dream_vs_reality,107,154,12398,Ġunknown,unknown,-1,0.06053367820945946,-0.05909000246576279,16,content_heavy," are the explorers of the unch arted,
Vent uring into the depths of the",Ġunknown,",
Your imagination, a river so grand,
Car ving paths where none",107,20,12,0,"[88, 87, 93, 89, 90, 95, 94, 85, 84, 109, 108, 110, 106, 111, 105, 104]","[96, 97, 98, 101, 99, 100, 103, 102, 123, 112, 113, 114, 115, 121, 122, 125]","[-19, -20, -14, -18, -17, -12, -13, -22, -23, 2, 1, 3, -1, 4, -2, -3]","[-11, -10, -9, -6, -8, -7, -4, -5, 16, 5, 6, 7, 8, 14, 15, 18]"," are^(-19) the^(-20) explorers^(-14) of^(-18) the^(-17) unch^(-12)arted^(-13),^(-22)Ċ^(-23)Vent^(+2)uring^(+1) into^(+3) the^(-1) depths^(+4) of^(-2) the^(-3)",Ġunknown^(+0),",^(-11)Ċ^(-10)Your^(-9) imagination^(-6),^(-8) a^(-7) river^(-4) so^(-5) grand^(+16),^(+5)Ċ^(+6)Car^(+7)ving^(+8) paths^(+14) where^(+15) none^(+18)","[""Ġare"", ""Ġthe"", ""Ġexplorers"", ""Ġof"", ""Ġthe"", ""Ġunch"", ""arted"", "","", ""Ċ"", ""Vent"", ""uring"", ""Ġinto"", ""Ġthe"", ""Ġdepths"", ""Ġof"", ""Ġthe""]","["","", ""Ċ"", ""Your"", ""Ġimagination"", "","", ""Ġa"", ""Ġriver"", ""Ġso"", ""Ġgrand"", "","", ""Ċ"", ""Car"", ""ving"", ""Ġpaths"", ""Ġwhere"", ""Ġnone""]"
competition_vs_collaboration,competition_vs_collaboration,67,109,14660,Ġcollaboration,collaboration,-1,0.04747755984042553,-0.0466747513684847,16,content_heavy," driving societal advancement and progress.

However, it is essential to recognize that",Ġcollaboration," also plays a crucial role in fostering deeper, longer -lasting innovation and human trust.",67,16,16,0,"[50, 51, 53, 52, 59, 55, 56, 54, 57, 58, 62, 61, 63, 64, 66, 65]","[68, 70, 69, 79, 71, 72, 78, 73, 77, 75, 74, 76, 80, 82, 81, 83]","[-17, -16, -14, -15, -8, -12, -11, -13, -10, -9, -5, -6, -4, -3, -1, -2]","[1, 3, 2, 12, 4, 5, 11, 6, 10, 8, 7, 9, 13, 15, 14, 16]"," driving^(-17) societal^(-16) advancement^(-14) and^(-15) progress^(-8).^(-12)Ċ^(-11)Ċ^(-13)However^(-10),^(-9) it^(-5) is^(-6) essential^(-4) to^(-3) recognize^(-1) that^(-2)",Ġcollaboration^(+0)," also^(+1) plays^(+3) a^(+2) crucial^(+12) role^(+4) in^(+5) fostering^(+11) deeper^(+6),^(+10) longer^(+8)-lasting^(+7) innovation^(+9) and^(+13) human^(+15) trust^(+14).^(+16)","[""Ġdriving"", ""Ġsocietal"", ""Ġadvancement"", ""Ġand"", ""Ġprogress"", ""."", ""Ċ"", ""Ċ"", ""However"", "","", ""Ġit"", ""Ġis"", ""Ġessential"", ""Ġto"", ""Ġrecognize"", ""Ġthat""]","[""Ġalso"", ""Ġplays"", ""Ġa"", ""Ġcrucial"", ""Ġrole"", ""Ġin"", ""Ġfostering"", ""Ġdeeper"", "","", ""Ġlonger"", ""-lasting"", ""Ġinnovation"", ""Ġand"", ""Ġhuman"", ""Ġtrust"", "".""]"
competition_vs_collaboration,competition_vs_collaboration,73,117,16407,Ġdeeper,deeper,-1,0.04175877833104396,-0.04110081692769324,16,content_heavy,"However, it is essential to recognize that collaboration also plays a crucial role in fostering",Ġdeeper,", longer -lasting innovation and human trust. When individuals and organizations work together, they",73,14,18,0,"[57, 58, 62, 61, 63, 64, 66, 65, 67, 68, 70, 69, 79, 71, 72, 78]","[77, 75, 74, 76, 80, 82, 81, 83, 84, 85, 90, 91, 89, 86, 88, 87]","[-16, -15, -11, -12, -10, -9, -7, -8, -6, -5, -3, -4, 6, -2, -1, 5]","[4, 2, 1, 3, 7, 9, 8, 10, 11, 12, 17, 18, 16, 13, 15, 14]","However^(-16),^(-15) it^(-11) is^(-12) essential^(-10) to^(-9) recognize^(-7) that^(-8) collaboration^(-6) also^(-5) plays^(-3) a^(-4) crucial^(+6) role^(-2) in^(-1) fostering^(+5)",Ġdeeper^(+0),",^(+4) longer^(+2)-lasting^(+1) innovation^(+3) and^(+7) human^(+9) trust^(+8).^(+10) When^(+11) individuals^(+12) and^(+17) organizations^(+18) work^(+16) together^(+13),^(+15) they^(+14)","[""However"", "","", ""Ġit"", ""Ġis"", ""Ġessential"", ""Ġto"", ""Ġrecognize"", ""Ġthat"", ""Ġcollaboration"", ""Ġalso"", ""Ġplays"", ""Ġa"", ""Ġcrucial"", ""Ġrole"", ""Ġin"", ""Ġfostering""]","["","", ""Ġlonger"", ""-lasting"", ""Ġinnovation"", ""Ġand"", ""Ġhuman"", ""Ġtrust"", ""."", ""ĠWhen"", ""Ġindividuals"", ""Ġand"", ""Ġorganizations"", ""Ġwork"", ""Ġtogether"", "","", ""Ġthey""]"
rebellion_in_art,rebellion_in_art,100,151,18032,gence,gence,-1,0.03927041330645161,-0.03953763521634612,16,content_heavy," Without a clear direction or a just cause, rebellion can degenerate into self -ind ul",gence,", losing its power to inspire and effect change. The artist 's actions must be",100,9,23,0,"[91, 92, 93, 95, 94, 96, 111, 105, 97, 98, 99, 109, 104, 101, 102, 103]","[106, 107, 108, 110, 112, 113, 114, 117, 116, 115, 118, 119, 120, 126, 122, 121]","[-9, -8, -7, -5, -6, -4, 11, 5, -3, -2, -1, 9, 4, 1, 2, 3]","[6, 7, 8, 10, 12, 13, 14, 17, 16, 15, 18, 19, 20, 26, 22, 21]"," Without^(-9) a^(-8) clear^(-7) direction^(-5) or^(-6) a^(-4) just^(+11) cause^(+5),^(-3) rebellion^(-2) can^(-1) degenerate^(+9) into^(+4) self^(+1)-ind^(+2)ul^(+3)",gence^(+0),",^(+6) losing^(+7) its^(+8) power^(+10) to^(+12) inspire^(+13) and^(+14) effect^(+17) change^(+16).^(+15) The^(+18) artist^(+19)'s^(+20) actions^(+26) must^(+22) be^(+21)","[""ĠWithout"", ""Ġa"", ""Ġclear"", ""Ġdirection"", ""Ġor"", ""Ġa"", ""Ġjust"", ""Ġcause"", "","", ""Ġrebellion"", ""Ġcan"", ""Ġdegenerate"", ""Ġinto"", ""Ġself"", ""-ind"", ""ul""]","["","", ""Ġlosing"", ""Ġits"", ""Ġpower"", ""Ġto"", ""Ġinspire"", ""Ġand"", ""Ġeffect"", ""Ġchange"", ""."", ""ĠThe"", ""Ġartist"", ""'s"", ""Ġactions"", ""Ġmust"", ""Ġbe""]"
moral_progress_contradiction,moral_progress_contradiction,245,284,35372,Ġrelying,relying,-1,0.04404296875,-0.036487926136363646,16,content_heavy," to challenging and dismant ling the systems that perpet uate inequality and injustice, rather than",Ġrelying, solely on education and time to bring about moral progress.<|eot_id|><|endoftext|>,245,19,10,0,"[225, 227, 228, 229, 230, 231, 232, 234, 233, 235, 236, 237, 238, 239, 244, 243]","[246, 247, 255, 253, 254, 251, 250, 252, 248, 249, 241, 242, 240]","[-20, -18, -17, -16, -15, -14, -13, -11, -12, -10, -9, -8, -7, -6, -1, -2]","[1, 2, 10, 8, 9, 6, 5, 7, 3, 4, -4, -3, -5]"," to^(-20) challenging^(-18) and^(-17) dismant^(-16)ling^(-15) the^(-14) systems^(-13) that^(-11) perpet^(-12)uate^(-10) inequality^(-9) and^(-8) injustice^(-7),^(-6) rather^(-1) than^(-2)",Ġrelying^(+0), solely^(+1) on^(+2) education^(+10) and^(+8) time^(+9) to^(+6) bring^(+5) about^(+7) moral^(+3) progress^(+4).^(-4)<|eot_id|>^(-3)<|endoftext|>^(-5),"[""Ġto"", ""Ġchallenging"", ""Ġand"", ""Ġdismant"", ""ling"", ""Ġthe"", ""Ġsystems"", ""Ġthat"", ""Ġperpet"", ""uate"", ""Ġinequality"", ""Ġand"", ""Ġinjustice"", "","", ""Ġrather"", ""Ġthan""]","[""Ġsolely"", ""Ġon"", ""Ġeducation"", ""Ġand"", ""Ġtime"", ""Ġto"", ""Ġbring"", ""Ġabout"", ""Ġmoral"", ""Ġprogress"", ""."", ""<|eot_id|>"", ""<|endoftext|>""]"
justice_vs_mercy,justice_vs_mercy,54,100,3893,ĠBy,By,1,0.11010377798507463,0.11091495839182797,16,content_heavy, lead to biases and prejudices that can compromise the fairness and impartial ity of justice.,ĠBy," being impartial, justice aims to provide a level playing field for all individuals, regardless",54,16,16,0,"[38, 39, 44, 40, 45, 41, 43, 47, 42, 46, 48, 49, 50, 51, 52, 53]","[60, 59, 56, 55, 57, 58, 63, 61, 62, 64, 65, 67, 66, 69, 68, 71]","[-16, -15, -10, -14, -9, -13, -11, -7, -12, -8, -6, -5, -4, -3, -2, -1]","[6, 5, 2, 1, 3, 4, 9, 7, 8, 10, 11, 13, 12, 15, 14, 17]", lead^(-16) to^(-15) biases^(-10) and^(-14) prejudices^(-9) that^(-13) can^(-11) compromise^(-7) the^(-12) fairness^(-8) and^(-6) impartial^(-5)ity^(-4) of^(-3) justice^(-2).^(-1),ĠBy^(+0)," being^(+6) impartial^(+5),^(+2) justice^(+1) aims^(+3) to^(+4) provide^(+9) a^(+7) level^(+8) playing^(+10) field^(+11) for^(+13) all^(+12) individuals^(+15),^(+14) regardless^(+17)","[""Ġlead"", ""Ġto"", ""Ġbiases"", ""Ġand"", ""Ġprejudices"", ""Ġthat"", ""Ġcan"", ""Ġcompromise"", ""Ġthe"", ""Ġfairness"", ""Ġand"", ""Ġimpartial"", ""ity"", ""Ġof"", ""Ġjustice"", "".""]","[""Ġbeing"", ""Ġimpartial"", "","", ""Ġjustice"", ""Ġaims"", ""Ġto"", ""Ġprovide"", ""Ġa"", ""Ġlevel"", ""Ġplaying"", ""Ġfield"", ""Ġfor"", ""Ġall"", ""Ġindividuals"", "","", ""Ġregardless""]"
utopia_vs_human_nature,utopia_vs_human_nature,36,83,21030,ĠEveryone,Everyone,1,0.0501212899543379,0.039011422011208,16,content_heavy," People live in peace, and there is no crime, violence, or discrimination.",ĠEveryone," has access to education, healthcare, and resources. The environment is protected, and",36,15,17,0,"[21, 22, 23, 25, 24, 26, 28, 27, 29, 31, 30, 35, 32, 33, 47, 34]","[37, 38, 39, 44, 41, 43, 40, 42, 45, 46, 48, 50, 49, 53, 51, 52]","[-15, -14, -13, -11, -12, -10, -8, -9, -7, -5, -6, -1, -4, -3, 11, -2]","[1, 2, 3, 8, 5, 7, 4, 6, 9, 10, 12, 14, 13, 17, 15, 16]"," People^(-15) live^(-14) in^(-13) peace^(-11),^(-12) and^(-10) there^(-8) is^(-9) no^(-7) crime^(-5),^(-6) violence^(-1),^(-4) or^(-3) discrimination^(+11).^(-2)",ĠEveryone^(+0)," has^(+1) access^(+2) to^(+3) education^(+8),^(+5) healthcare^(+7),^(+4) and^(+6) resources^(+9).^(+10) The^(+12) environment^(+14) is^(+13) protected^(+17),^(+15) and^(+16)","[""ĠPeople"", ""Ġlive"", ""Ġin"", ""Ġpeace"", "","", ""Ġand"", ""Ġthere"", ""Ġis"", ""Ġno"", ""Ġcrime"", "","", ""Ġviolence"", "","", ""Ġor"", ""Ġdiscrimination"", "".""]","[""Ġhas"", ""Ġaccess"", ""Ġto"", ""Ġeducation"", "","", ""Ġhealthcare"", "","", ""Ġand"", ""Ġresources"", ""."", ""ĠThe"", ""Ġenvironment"", ""Ġis"", ""Ġprotected"", "","", ""Ġand""]"
utopia_vs_human_nature,utopia_vs_human_nature,58,103,23616,Ġpollution,pollution,-1,0.05183217005076142,-0.050782351593344655,16,content_heavy," education, healthcare, and resources. The environment is protected, and there is no",Ġpollution,". Technology is used to solve problems and improve life for everyone.

However",58,17,15,0,"[44, 41, 43, 40, 42, 45, 46, 48, 50, 49, 53, 51, 52, 55, 54, 56]","[57, 60, 59, 61, 62, 63, 64, 65, 66, 67, 68, 70, 69, 72, 71, 74]","[-14, -17, -15, -18, -16, -13, -12, -10, -8, -9, -5, -7, -6, -3, -4, -2]","[-1, 2, 1, 3, 4, 5, 6, 7, 8, 9, 10, 12, 11, 14, 13, 16]"," education^(-14),^(-17) healthcare^(-15),^(-18) and^(-16) resources^(-13).^(-12) The^(-10) environment^(-8) is^(-9) protected^(-5),^(-7) and^(-6) there^(-3) is^(-4) no^(-2)",Ġpollution^(+0),.^(-1) Technology^(+2) is^(+1) used^(+3) to^(+4) solve^(+5) problems^(+6) and^(+7) improve^(+8) life^(+9) for^(+10) everyone^(+12).^(+11)Ċ^(+14)Ċ^(+13)However^(+16),"[""Ġeducation"", "","", ""Ġhealthcare"", "","", ""Ġand"", ""Ġresources"", ""."", ""ĠThe"", ""Ġenvironment"", ""Ġis"", ""Ġprotected"", "","", ""Ġand"", ""Ġthere"", ""Ġis"", ""Ġno""]","[""."", ""ĠTechnology"", ""Ġis"", ""Ġused"", ""Ġto"", ""Ġsolve"", ""Ġproblems"", ""Ġand"", ""Ġimprove"", ""Ġlife"", ""Ġfor"", ""Ġeveryone"", ""."", ""Ċ"", ""Ċ"", ""However""]"
utopia_vs_human_nature,utopia_vs_human_nature,81,128,37244,ĠImper,Imper,-1,0.0402411099137931,-0.0399107142857143,16,content_heavy," improve life for everyone.

However, this ut opia is not perfect.",ĠImper,fection is the last refuge of humanity. Even in a society where conflict is erased,81,15,17,0,"[66, 67, 68, 70, 69, 72, 71, 74, 73, 75, 76, 77, 78, 79, 80, 82]","[83, 84, 86, 87, 85, 88, 89, 90, 91, 92, 93, 94, 95, 96, 97, 102]","[-15, -14, -13, -11, -12, -9, -10, -7, -8, -6, -5, -4, -3, -2, -1, 1]","[2, 3, 5, 6, 4, 7, 8, 9, 10, 11, 12, 13, 14, 15, 16, 21]"," improve^(-15) life^(-14) for^(-13) everyone^(-11).^(-12)Ċ^(-9)Ċ^(-10)However^(-7),^(-8) this^(-6) ut^(-5)opia^(-4) is^(-3) not^(-2) perfect^(-1).^(+1)",ĠImper^(+0),fection^(+2) is^(+3) the^(+5) last^(+6) refuge^(+4) of^(+7) humanity^(+8).^(+9) Even^(+10) in^(+11) a^(+12) society^(+13) where^(+14) conflict^(+15) is^(+16) erased^(+21),"[""Ġimprove"", ""Ġlife"", ""Ġfor"", ""Ġeveryone"", ""."", ""Ċ"", ""Ċ"", ""However"", "","", ""Ġthis"", ""Ġut"", ""opia"", ""Ġis"", ""Ġnot"", ""Ġperfect"", "".""]","[""fection"", ""Ġis"", ""Ġthe"", ""Ġlast"", ""Ġrefuge"", ""Ġof"", ""Ġhumanity"", ""."", ""ĠEven"", ""Ġin"", ""Ġa"", ""Ġsociety"", ""Ġwhere"", ""Ġconflict"", ""Ġis"", ""Ġerased""]"
utopia_vs_human_nature,utopia_vs_human_nature,233,279,17957,Ġimper,imper,-1,0.038263494318181816,-0.03654389513339923,16,content_heavy,"In conclusion, while a perfect ut opia where conflict is erased may seem ideal,",Ġimper,fection is the last refuge of humanity. It keeps us grounded and drives us to,233,16,16,0,"[217, 216, 218, 219, 222, 221, 220, 224, 228, 225, 227, 226, 229, 230, 231, 232]","[234, 235, 236, 238, 237, 239, 240, 244, 245, 253, 246, 254, 248, 252, 247, 250]","[-16, -17, -15, -14, -11, -12, -13, -9, -5, -8, -6, -7, -4, -3, -2, -1]","[1, 2, 3, 5, 4, 6, 7, 11, 12, 20, 13, 21, 15, 19, 14, 17]","In^(-16) conclusion^(-17),^(-15) while^(-14) a^(-11) perfect^(-12) ut^(-13)opia^(-9) where^(-5) conflict^(-8) is^(-6) erased^(-7) may^(-4) seem^(-3) ideal^(-2),^(-1)",Ġimper^(+0),fection^(+1) is^(+2) the^(+3) last^(+5) refuge^(+4) of^(+6) humanity^(+7).^(+11) It^(+12) keeps^(+20) us^(+13) grounded^(+21) and^(+15) drives^(+19) us^(+14) to^(+17),"[""In"", ""Ġconclusion"", "","", ""Ġwhile"", ""Ġa"", ""Ġperfect"", ""Ġut"", ""opia"", ""Ġwhere"", ""Ġconflict"", ""Ġis"", ""Ġerased"", ""Ġmay"", ""Ġseem"", ""Ġideal"", "",""]","[""fection"", ""Ġis"", ""Ġthe"", ""Ġlast"", ""Ġrefuge"", ""Ġof"", ""Ġhumanity"", ""."", ""ĠIt"", ""Ġkeeps"", ""Ġus"", ""Ġgrounded"", ""Ġand"", ""Ġdrives"", ""Ġus"", ""Ġto""]"
